Tag,species,OriginalStemID,TrueStemID,CensusID,BirthCensus,DeathCensus,DBH_true,DBH,AnnualGrowth,YearFactor,ObsSD
1,all,1,,1,1,9,48.8006744,49.00843729,0.206577126,1,0.4
1,all,1,,2,1,9,49.83356003,49.95402138,0.163135244,1,0.4
1,all,1,,3,1,9,50.64923626,50.69150673,0.107353513,0.5,0.4
1,all,1,,4,1,9,51.18600382,50.92972142,0.276751306,1,0.4
1,all,1,,5,1,9,52.56976035,52.22987861,0.169314709,1,0.4
1,all,1,,6,1,9,53.4163339,53.00668238,0.272911493,0.5,0.4
1,all,1,1,7,1,9,54.78089136,54.82795,0.276338422,1,0.4
1,all,1,1,8,1,9,56.16258347,55.78359363,0.164588673,1,0.4
1,all,1,1,9,1,9,56.98552684,56.78930386,,1,0.4
1,all,2,,1,1,9,64.66259177,65.03184346,0.032981169,1,0.4
1,all,2,,2,1,9,64.82749761,65.1047512,0.165380154,1,0.4
1,all,2,,3,1,9,65.65439838,65.59859825,0,0.5,0.4
1,all,2,,4,1,9,65.65439838,64.33012689,0.261131193,1,0.4
1,all,2,,5,1,9,66.96005435,67.17544067,0.011803882,1,0.4
1,all,2,,6,1,9,67.01907376,67.3760681,0.064049202,0.5,0.4
1,all,2,2,7,1,9,67.33931977,67.53510458,0.075325373,1,0.4
1,all,2,2,8,1,9,67.71594664,67.23740594,0.078261708,1,0.4
1,all,2,2,9,1,9,68.10725517,68.29235032,,1,0.4
1,all,3,,1,1,9,66.48871868,66.47550421,0,1,0.4
1,all,3,,2,1,9,66.48871868,65.5023594,0.022191674,1,0.4
1,all,3,,3,1,9,66.59967705,67.6282603,0,0.5,0.4
1,all,3,,4,1,9,66.59967705,66.51755734,0.1069764,1,0.4
1,all,3,,5,1,9,67.13455905,67.39503636,0,1,0.4
1,all,3,,6,1,9,67.13455905,67.24406564,0.115063049,0.5,0.4
1,all,3,3,7,1,9,67.70987429,68.11974359,0.040025788,1,0.4
1,all,3,3,8,1,9,67.91000323,68.23706701,0.152748147,1,0.4
1,all,3,3,9,1,9,68.67374397,68.5898267,,1,0.4
1,all,4,,1,1,9,43.69270448,43.07500025,0.297623839,1,0.4
1,all,4,,2,1,9,45.18082368,45.10610002,0.266368999,1,0.4
1,all,4,,3,1,9,46.51266867,46.46199978,0,0.5,0.4
1,all,4,,4,1,9,46.51266867,46.08050127,0.216305683,1,0.4
1,all,4,,5,1,9,47.59419709,47.66417987,0.124966392,1,0.4
1,all,4,,6,1,9,48.21902905,47.74263075,0.094134836,0.5,0.4
1,all,4,4,7,1,9,48.68970323,48.66800469,0.115449049,1,0.4
1,all,4,4,8,1,9,49.26694847,48.59308221,0.194305752,1,0.4
1,all,4,4,9,1,9,50.23847723,49.992636,,1,0.4
2,all,1,,1,1,3,1.314291985,1.199953815,0.742883472,1,0.4
2,all,1,,2,1,3,5.028709343,5.230359844,0.368318024,1,0.4
2,all,1,,3,1,3,6.870299464,6.407932854,0.469900087,0.5,0.4
2,all,1,,4,1,3,,,,1,
2,all,1,,5,1,3,,,,1,
2,all,1,,6,1,3,,,,0.5,
2,all,1,,7,1,3,,,,1,
2,all,1,,8,1,3,,,,1,
2,all,1,,9,1,3,,,,1,
2,all,2,,1,1,9,23.07059632,22.87506583,0.411863674,1,0.4
2,all,2,,2,1,9,25.12991469,24.96087978,0.477289535,1,0.4
2,all,2,,3,1,9,27.51636237,27.59766064,0.115208961,0.5,0.4
2,all,2,,4,1,9,28.09240717,28.69049917,0.211498453,1,0.4
2,all,2,,5,1,9,29.14989944,28.63578538,0.470067717,1,0.4
2,all,2,,6,1,9,31.50023802,32.35884219,0.018226113,0.5,0.4
2,all,2,2,7,1,9,31.59136859,31.52631037,0.533396427,1,0.4
2,all,2,2,8,1,9,34.25835072,34.04899787,0.2312248,1,0.4
2,all,2,2,9,1,9,35.41447472,35.75185347,,1,0.4
2,all,3,,1,1,9,16.7906795,17.2124084,0.415178025,1,0.4
2,all,3,,2,1,9,18.86656962,18.62763758,0.598952326,1,0.4
2,all,3,,3,1,9,21.86133125,22.17711519,0.320657005,0.5,0.4
2,all,3,,4,1,9,23.46461628,24.07121252,0.631392862,1,0.4
2,all,3,,5,1,9,26.62158059,26.54487066,0.379072145,1,0.4
2,all,3,,6,1,9,28.51694131,28.63049287,0.266818217,0.5,0.4
2,all,3,3,7,1,9,29.8510324,29.15060539,0.156989193,1,0.4
2,all,3,3,8,1,9,30.63597836,30.30851045,0.516089448,1,0.4
2,all,3,3,9,1,9,33.2164256,33.23891154,,1,0.4
2,all,4,,1,1,9,7.194978706,7.649027844,0.621296522,1,0.4
2,all,4,,2,1,9,10.30146132,10.35242301,0.575165696,1,0.4
2,all,4,,3,1,9,13.1772898,13.41977442,0.382250245,0.5,0.4
2,all,4,,4,1,9,15.08854102,15.20491574,0.493684439,1,0.4
2,all,4,,5,1,9,17.55696322,17.62258692,0.798795104,1,0.4
2,all,4,,6,1,9,21.55093874,21.68216297,0.474187063,0.5,0.4
2,all,4,4,7,1,9,23.92187405,23.36588881,0.551913813,1,0.4
2,all,4,4,8,1,9,26.68144312,26.87649587,0.393630583,1,0.4
2,all,4,4,9,1,9,28.64959603,28.22794084,,1,0.4
3,all,1,,1,1,9,13.81754745,13.9547028,0.700264182,1,0.4
3,all,1,,2,1,9,17.31886836,17.1384945,0.526066356,1,0.4
3,all,1,,3,1,9,19.94920013,20.15489218,0.125809373,0.5,0.4
3,all,1,,4,1,9,20.578247,20.44451178,0.353744845,1,0.4
3,all,1,,5,1,9,22.34697123,22.30474726,0.449038255,1,0.4
3,all,1,,6,1,9,24.5921625,24.29995863,0.220935111,0.5,0.4
3,all,1,1,7,1,9,25.69683805,26.45885549,0.37618055,1,0.4
3,all,1,1,8,1,9,27.5777408,27.7107895,0.247198717,1,0.4
3,all,1,1,9,1,9,28.81373439,28.90598784,,1,0.4
3,all,2,,1,7,9,,,,1,
3,all,2,,2,7,9,,,,1,
3,all,2,,3,7,9,,,,0.5,
3,all,2,,4,7,9,,,,1,
3,all,2,,5,7,9,,,,1,
3,all,2,,6,7,9,,,,0.5,
3,all,2,,7,7,9,0.911413868,,0.854809439,1,
3,all,2,2,8,7,9,5.185461065,5.062646442,0.675180332,1,0.4
3,all,2,2,9,7,9,8.561362727,9.13726723,,1,0.4
4,all,1,,1,1,9,8.998452672,8.539344372,0.717257179,1,0.4
4,all,1,,2,1,9,12.58473857,12.72647944,0.456129971,1,0.4
4,all,1,,3,1,9,14.86538842,15.03530834,0.455024622,0.5,0.4
4,all,1,,4,1,9,17.14051153,17.39985047,0.485930084,1,0.4
4,all,1,,5,1,9,19.57016195,19.08223794,0.529445881,1,0.4
4,all,1,,6,1,9,22.21739135,22.26028537,0.349909417,0.5,0.4
4,all,1,1,7,1,9,23.96693844,23.58931536,0.548426074,1,0.4
4,all,1,1,8,1,9,26.70906881,26.70891495,0.44706903,1,0.4
4,all,1,1,9,1,9,28.94441396,29.48146353,,1,0.4
4,all,2,,1,1,9,19.15295919,18.89789534,0.636716099,1,0.4
4,all,2,,2,1,9,22.33653968,21.99912443,0.554434991,1,0.4
4,all,2,,3,1,9,25.10871464,24.86497397,0.17614727,0.5,0.4
4,all,2,,4,1,9,25.98945099,25.27325648,0.478764952,1,0.4
4,all,2,,5,1,9,28.38327575,28.28733708,0.353646218,1,0.4
4,all,2,,6,1,9,30.15150684,30.74527761,0.26601988,0.5,0.4
4,all,2,2,7,1,9,31.48160624,31.7461591,0.3355821,1,0.4
4,all,2,2,8,1,9,33.15951674,32.83340504,0.384299704,1,0.4
4,all,2,2,9,1,9,35.08101525,34.90672052,,1,0.4
4,all,3,,1,1,9,17.10064848,17.73178927,0.484794635,1,0.4
4,all,3,,2,1,9,19.52462165,19.49985259,0.47070491,1,0.4
4,all,3,,3,1,9,21.8781462,22.12371539,0.209421034,0.5,0.4
4,all,3,,4,1,9,22.92525137,22.30681594,0.581308914,1,0.4
4,all,3,,5,1,9,25.83179594,25.78683916,0.50690984,1,0.4
4,all,3,,6,1,9,28.36634514,28.35762732,0.039338734,0.5,0.4
4,all,3,3,7,1,9,28.56303881,28.25970064,0.382574998,1,0.4
4,all,3,3,8,1,9,30.4759138,30.06155665,0.342942611,1,0.4
4,all,3,3,9,1,9,32.19062686,32.56989058,,1,0.4
5,all,1,,1,2,3,,,,1,
5,all,1,,2,2,3,0.829507253,,0.684395025,1,
5,all,1,,3,2,3,4.25148238,3.475506318,0.27933904,0.5,0.4
5,all,1,,4,2,3,,,,1,
5,all,1,,5,2,3,,,,1,
5,all,1,,6,2,3,,,,0.5,
5,all,1,,7,2,3,,,,1,
5,all,1,,8,2,3,,,,1,
5,all,1,,9,2,3,,,,1,
5,all,2,,1,1,9,10.77538882,11.54249121,0.633501689,1,0.4
5,all,2,,2,1,9,13.94289726,14.25171936,0.559353507,1,0.4
5,all,2,,3,1,9,16.73966479,16.98293654,0.339525553,0.5,0.4
5,all,2,,4,1,9,18.43729256,18.3773691,0.358594615,1,0.4
5,all,2,,5,1,9,20.23026563,20.59144715,0.539665803,1,0.4
5,all,2,,6,1,9,22.92859465,23.33133939,0.351555249,0.5,0.4
5,all,2,2,7,1,9,24.68637089,23.84458734,0.290607994,1,0.4
5,all,2,2,8,1,9,26.13941086,26.11726569,0.408289492,1,0.4
5,all,2,2,9,1,9,28.18085832,28.12376127,,1,0.4
5,all,3,,1,1,6,15.39767888,15.92340715,0.633372205,1,0.4
5,all,3,,2,1,6,18.56453991,19.0230439,0.807870289,1,0.4
5,all,3,,3,1,6,22.60389135,22.50685805,0.336228148,0.5,0.4
5,all,3,,4,1,6,24.28503209,24.58884837,0.298956702,1,0.4
5,all,3,,5,1,6,25.7798156,25.4356853,0.549750909,1,0.4
5,all,3,,6,1,6,28.52857014,28.46815751,0.260623596,0.5,0.4
5,all,3,,7,1,6,,,,1,
5,all,3,,8,1,6,,,,1,
5,all,3,,9,1,6,,,,1,
5,all,4,,1,1,6,45.78352887,45.52369025,0.128096927,1,0.4
5,all,4,,2,1,6,46.42401351,47.07502846,0.195380164,1,0.4
5,all,4,,3,1,6,47.40091433,47.65136596,0.238139377,0.5,0.4
5,all,4,,4,1,6,48.59161121,48.49952188,0.172427097,1,0.4
5,all,4,,5,1,6,49.4537467,49.74480708,0,1,0.4
5,all,4,,6,1,6,49.4537467,49.452204,0.042345498,0.5,0.4
5,all,4,,7,1,6,,,,1,
5,all,4,,8,1,6,,,,1,
5,all,4,,9,1,6,,,,1,
6,all,1,,1,1,9,15.25613847,15.12794081,0.518724578,1,0.4
6,all,1,,2,1,9,17.84976136,18.40901623,0.41756578,1,0.4
6,all,1,,3,1,9,19.93759026,20.51430135,0.427620551,0.5,0.4
6,all,1,,4,1,9,22.07569301,22.15764242,0.394132799,1,0.4
6,all,1,,5,1,9,24.04635701,23.94468547,0.382542414,1,0.4
6,all,1,,6,1,9,25.95906908,25.8897527,0.115881907,0.5,0.4
6,all,1,1,7,1,9,26.53847861,26.74604094,0.299625052,1,0.4
6,all,1,1,8,1,9,28.03660387,28.45721592,0.519801611,1,0.4
6,all,1,1,9,1,9,30.63561193,30.600164,,1,0.4
6,all,2,,1,1,7,10.32002744,9.42207947,0.751931268,1,0.4
6,all,2,,2,1,7,14.07968378,13.75091932,0.561918809,1,0.4
6,all,2,,3,1,7,16.88927783,16.49067783,0.287388298,0.5,0.4
6,all,2,,4,1,7,18.32621932,18.44290859,0.434427194,1,0.4
6,all,2,,5,1,7,20.49835529,20.40348003,0.485223028,1,0.4
6,all,2,,6,1,7,22.92447043,22.82572365,0.148860238,0.5,0.4
6,all,2,2,7,1,7,23.66877162,23.7958532,0.323121094,1,0.4
6,all,2,,8,1,7,,,,1,
6,all,2,,9,1,7,,,,1,
6,all,3,,1,1,2,2.014252551,2.311205461,0.626699274,1,0.4
6,all,3,,2,1,2,5.147748921,5.057440694,0.901238847,1,0.4
6,all,3,,3,1,2,,,,0.5,
6,all,3,,4,1,2,,,,1,
6,all,3,,5,1,2,,,,1,
6,all,3,,6,1,2,,,,0.5,
6,all,3,,7,1,2,,,,1,
6,all,3,,8,1,2,,,,1,
6,all,3,,9,1,2,,,,1,
7,all,1,,1,1,8,10.98640982,10.87427583,0.420215303,1,0.4
7,all,1,,2,1,8,13.08748634,13.55534851,0.456019959,1,0.4
7,all,1,,3,1,8,15.36758613,15.31899558,0.129535795,0.5,0.4
7,all,1,,4,1,8,16.01526511,15.36034845,0.351251644,1,0.4
7,all,1,,5,1,8,17.77152332,17.96807661,0.524105677,1,0.4
7,all,1,,6,1,8,20.39205171,20.50477943,0.384923137,0.5,0.4
7,all,1,1,7,1,8,22.31666739,22.15642605,0.557335934,1,0.4
7,all,1,1,8,1,8,25.10334706,25.17269166,0.398933037,1,0.4
7,all,1,,9,1,8,,,,1,
7,all,2,,1,1,9,2.634858686,2.19318394,0.756589235,1,0.4
7,all,2,,2,1,9,6.417804861,7.21430108,0.67126074,1,0.4
7,all,2,,3,1,9,9.77410856,9.022140491,0.117269078,0.5,0.4
7,all,2,,4,1,9,10.36045395,10.64332294,0.668216023,1,0.4
7,all,2,,5,1,9,13.70153406,13.39528859,0.529162103,1,0.4
7,all,2,,6,1,9,16.34734458,16.45621328,0.064017693,0.5,0.4
7,all,2,2,7,1,9,16.66743304,16.94606776,0.430606576,1,0.4
7,all,2,2,8,1,9,18.82046592,19.31241781,0.471061557,1,0.4
7,all,2,2,9,1,9,21.17577371,21.65120759,,1,0.4
8,all,1,,1,6,9,,,,1,
8,all,1,,2,6,9,,,,1,
8,all,1,,3,6,9,,,,0.5,
8,all,1,,4,6,9,,,,1,
8,all,1,,5,6,9,,,,1,
8,all,1,,6,6,9,0.432767779,,0.197808836,0.5,
8,all,1,1,7,6,9,1.42181196,1.435619195,0.460459611,1,0.4
8,all,1,1,8,6,9,3.724110015,3.620065863,0.734438271,1,0.4
8,all,1,1,9,6,9,7.396301368,7.27390833,,1,0.4
8,all,2,,1,1,9,6.581432961,6.34457671,0.646862819,1,0.4
8,all,2,,2,1,9,9.815747055,9.373613631,0.470148037,1,0.4
8,all,2,,3,1,9,12.16648724,12.58212265,0.312075831,0.5,0.4
8,all,2,,4,1,9,13.72686639,14.74402818,0.536127564,1,0.4
8,all,2,,5,1,9,16.40750421,16.13801789,0.514583717,1,0.4
8,all,2,,6,1,9,18.9804228,18.9435308,0.190784168,0.5,0.4
8,all,2,2,7,1,9,19.93434364,20.04623765,0.605764681,1,0.4
8,all,2,2,8,1,9,22.96316704,24.04675081,0.370687245,1,0.4
8,all,2,2,9,1,9,24.81660327,23.88500188,,1,0.4
8,all,3,,1,1,9,4.249013331,4.335975358,0.645906907,1,0.4
8,all,3,,2,1,9,7.478547867,8.111489925,0.634684871,1,0.4
8,all,3,,3,1,9,10.65197222,11.31091865,0.284636516,0.5,0.4
8,all,3,,4,1,9,12.0751548,11.81585108,0.652667562,1,0.4
8,all,3,,5,1,9,15.33849261,15.32845137,0.561037406,1,0.4
8,all,3,,6,1,9,18.14367965,18.74727446,0.230548097,0.5,0.4
8,all,3,3,7,1,9,19.29642013,19.23612102,0.41153599,1,0.4
8,all,3,3,8,1,9,21.35410008,21.57140853,0.452951626,1,0.4
8,all,3,3,9,1,9,23.61885821,23.58455784,,1,0.4
9,all,1,,1,1,8,15.57721454,14.95536937,0.630822566,1,0.4
9,all,1,,2,1,8,18.73132737,18.70395589,0.481816066,1,0.4
9,all,1,,3,1,8,21.1404077,21.52496773,0.296926512,0.5,0.4
9,all,1,,4,1,8,22.62504026,22.73003039,0.272495553,1,0.4
9,all,1,,5,1,8,23.98751802,24.0130406,0.417782167,1,0.4
9,all,1,,6,1,8,26.07642886,26.19470508,0,0.5,0.4
9,all,1,1,7,1,8,26.07642886,26.36459236,0.563288098,1,0.4
9,all,1,1,8,1,8,28.89286935,28.76263321,0.656771098,1,0.4
9,all,1,,9,1,8,,,,1,
9,all,2,,1,3,9,,,,1,
9,all,2,,2,3,9,,,,1,
9,all,2,,3,3,9,0.879188509,,0.206425729,0.5,
9,all,2,,4,3,9,1.911317152,1.542405744,0.736289191,1,0.4
9,all,2,,5,3,9,5.592763107,5.514890543,0.621647489,1,0.4
9,all,2,,6,3,9,8.701000551,8.611825462,0.64025188,0.5,0.4
9,all,2,2,7,3,9,11.90225995,12.06220766,0.838702785,1,0.4
9,all,2,2,8,3,9,16.09577388,15.68861609,0.778324484,1,0.4
9,all,2,2,9,3,9,19.98739629,19.99597627,,1,0.4
9,all,3,,1,4,9,,,,1,
9,all,3,,2,4,9,,,,1,
9,all,3,,3,4,9,,,,0.5,
9,all,3,,4,4,9,0.621648039,,0.546324377,1,
9,all,3,,5,4,9,3.353269922,3.483830991,0.676043898,1,0.4
9,all,3,,6,4,9,6.733489414,6.647644625,0.331194036,0.5,0.4
9,all,3,3,7,4,9,8.389459596,8.267876274,0.755378321,1,0.4
9,all,3,3,8,4,9,12.1663512,13.04002049,0.588174283,1,0.4
9,all,3,3,9,4,9,15.10722261,15.45509913,,1,0.4
9,all,4,,1,1,9,35.42946973,36.06963587,0.206197724,1,0.4
9,all,4,,2,1,9,36.46045835,36.28169174,0.299653712,1,0.4
9,all,4,,3,1,9,37.95872691,38.13935617,0,0.5,0.4
9,all,4,,4,1,9,37.95872691,36.93911291,0.179992171,1,0.4
9,all,4,,5,1,9,38.85868777,38.60929638,0.249180445,1,0.4
9,all,4,,6,1,9,40.10458999,40.08730086,0.17607903,0.5,0.4
9,all,4,4,7,1,9,40.98498514,40.83482555,0.26964483,1,0.4
9,all,4,4,8,1,9,42.33320929,42.32143205,0.260790782,1,0.4
9,all,4,4,9,1,9,43.63716321,43.39388768,,1,0.4
10,all,1,,1,1,1,3.359618489,2.66801336,0.756271122,1,0.4
10,all,1,,2,1,1,,,,1,
10,all,1,,3,1,1,,,,0.5,
10,all,1,,4,1,1,,,,1,
10,all,1,,5,1,1,,,,1,
10,all,1,,6,1,1,,,,0.5,
10,all,1,,7,1,1,,,,1,
10,all,1,,8,1,1,,,,1,
10,all,1,,9,1,1,,,,1,
10,all,2,,1,1,9,24.74282903,25.24357117,0.325558063,1,0.4
10,all,2,,2,1,9,26.37061935,25.74203031,0.462460881,1,0.4
10,all,2,,3,1,9,28.68292375,29.01082553,0,0.5,0.4
10,all,2,,4,1,9,28.68292375,29.23936219,0.334601101,1,0.4
10,all,2,,5,1,9,30.35592926,29.31211925,0.354872654,1,0.4
10,all,2,,6,1,9,32.13029253,32.38939117,0.192236546,0.5,0.4
10,all,2,2,7,1,9,33.09147526,32.94628342,0.251504367,1,0.4
10,all,2,2,8,1,9,34.34899709,34.39308579,0.250431022,1,0.4
10,all,2,2,9,1,9,35.60115221,35.49312255,,1,0.4
11,all,1,,1,2,5,,,,1,
11,all,1,,2,2,5,0.457817881,,0.843159234,1,
11,all,1,,3,2,5,4.673614051,4.682205244,0.318996303,0.5,0.4
11,all,1,,4,2,5,6.268595568,6.825042273,0.494657509,1,0.4
11,all,1,,5,2,5,8.741883111,8.643073819,0.722208611,1,0.4
11,all,1,,6,2,5,,,,0.5,
11,all,1,,7,2,5,,,,1,
11,all,1,,8,2,5,,,,1,
11,all,1,,9,2,5,,,,1,
11,all,2,,1,1,9,28.32435675,28.51915587,0.329882513,1,0.4
11,all,2,,2,1,9,29.97376931,30.192687,0.369447972,1,0.4
11,all,2,,3,1,9,31.82100917,32.17202157,0.333952247,0.5,0.4
11,all,2,,4,1,9,33.49077041,32.89787751,0.288489383,1,0.4
11,all,2,,5,1,9,34.93321733,34.92900772,0.289607139,1,0.4
11,all,2,,6,1,9,36.38125302,36.46702272,0.135540389,0.5,0.4
11,all,2,2,7,1,9,37.05895496,36.75226327,0.430064964,1,0.4
11,all,2,2,8,1,9,39.20927979,39.21414799,0.355842969,1,0.4
11,all,2,2,9,1,9,40.98849463,40.6999585,,1,0.4
11,all,3,,1,1,9,3.209328609,3.169537446,0.654198526,1,0.4
11,all,3,,2,1,9,6.480321237,6.463895257,0.557252547,1,0.4
11,all,3,,3,1,9,9.266583973,9.09591141,0.28955228,0.5,0.4
11,all,3,,4,1,9,10.71434537,10.36285438,0.434958122,1,0.4
11,all,3,,5,1,9,12.88913598,13.3180727,0.515166193,1,0.4
11,all,3,,6,1,9,15.46496695,15.33701028,0.010858974,0.5,0.4
11,all,3,3,7,1,9,15.51926181,15.50807622,0.7051975,1,0.4
11,all,3,3,8,1,9,19.04524932,18.74389491,0.44330932,1,0.4
11,all,3,3,9,1,9,21.26179592,21.63542764,,1,0.4
11,all,4,,1,1,9,1.93751849,1.719073681,0.621801002,1,0.4
11,all,4,,2,1,9,5.046523502,5.226674369,0.681172648,1,0.4
11,all,4,,3,1,9,8.452386742,8.175380552,0.301138603,0.5,0.4
11,all,4,,4,1,9,9.958079757,9.646241313,0.445230855,1,0.4
11,all,4,,5,1,9,12.18423403,12.16530097,0.55251919,1,0.4
11,all,4,,6,1,9,14.94682998,14.96100381,0.385380452,0.5,0.4
11,all,4,4,7,1,9,16.87373224,17.24752502,0.419571419,1,0.4
11,all,4,4,8,1,9,18.97158934,18.87823493,0.474579817,1,0.4
11,all,4,4,9,1,9,21.34448842,20.66417318,,1,0.4
11,all,5,,1,1,9,17.58011602,17.54964368,0.574012513,1,0.4
11,all,5,,2,1,9,20.45017858,19.83541996,0.48188859,1,0.4
11,all,5,,3,1,9,22.85962154,23.17520188,0.093820526,0.5,0.4
11,all,5,,4,1,9,23.32872416,23.39565075,0.431775435,1,0.4
11,all,5,,5,1,9,25.48760134,25.24602822,0.323728725,1,0.4
11,all,5,,6,1,9,27.10624496,26.93976723,0.175362959,0.5,0.4
11,all,5,5,7,1,9,27.98305976,28.30105192,0.39186003,1,0.4
11,all,5,5,8,1,9,29.94235991,29.7926662,0.464646138,1,0.4
11,all,5,5,9,1,9,32.2655906,33.11026794,,1,0.4
11,all,6,,1,1,9,12.60389913,12.21687803,0.5551363,1,0.4
11,all,6,,2,1,9,15.37958063,15.15688306,0.560801273,1,0.4
11,all,6,,3,1,9,18.183587,17.73950412,0.258507448,0.5,0.4
11,all,6,,4,1,9,19.47612424,19.01162426,0.437673745,1,0.4
11,all,6,,5,1,9,21.66449296,21.49932277,0.755254311,1,0.4
11,all,6,,6,1,9,25.44076452,25.82152029,0.205576479,0.5,0.4
11,all,6,6,7,1,9,26.46864691,26.1005747,0.471114015,1,0.4
11,all,6,6,8,1,9,28.82421699,28.87148703,0.447410035,1,0.4
11,all,6,6,9,1,9,31.06126716,30.98007005,,1,0.4
12,all,1,,1,6,9,,,,1,
12,all,1,,2,6,9,,,,1,
12,all,1,,3,6,9,,,,0.5,
12,all,1,,4,6,9,,,,1,
12,all,1,,5,6,9,,,,1,
12,all,1,,6,6,9,0.643764342,,0.415432132,0.5,
12,all,1,1,7,6,9,2.720925003,2.198993282,0.607883263,1,0.4
12,all,1,1,8,6,9,5.76034132,5.292747583,0.718251205,1,0.4
12,all,1,1,9,6,9,9.351597346,9.726641165,,1,0.4
12,all,2,,1,6,8,,,,1,
12,all,2,,2,6,8,,,,1,
12,all,2,,3,6,8,,,,0.5,
12,all,2,,4,6,8,,,,1,
12,all,2,,5,6,8,,,,1,
12,all,2,,6,6,8,0.595468877,,0.47901967,0.5,
12,all,2,2,7,6,8,2.990567225,2.905515469,0.625138933,1,0.4
12,all,2,2,8,6,8,6.116261888,6.080868119,0.832285739,1,0.4
12,all,2,,9,6,8,,,,1,
13,all,1,,1,1,6,7.302520802,6.6464808,0.5737534,1,0.4
13,all,1,,2,1,6,10.1712878,9.870666974,0.590735832,1,0.4
13,all,1,,3,1,6,13.12496697,13.33482473,0.236965511,0.5,0.4
13,all,1,,4,1,6,14.30979452,14.56314624,0.431224735,1,0.4
13,all,1,,5,1,6,16.4659182,16.59671689,0.671923704,1,0.4
13,all,1,,6,1,6,19.82553672,20.52381071,0.352479842,0.5,0.4
13,all,1,,7,1,6,,,,1,
13,all,1,,8,1,6,,,,1,
13,all,1,,9,1,6,,,,1,
13,all,2,,1,1,9,4.962793687,4.791312518,0.508473633,1,0.4
13,all,2,,2,1,9,7.505161853,6.679048194,0.658308262,1,0.4
13,all,2,,3,1,9,10.79670316,10.48541516,0.182708815,0.5,0.4
13,all,2,,4,1,9,11.71024724,11.87424993,0.441787712,1,0.4
13,all,2,,5,1,9,13.9191858,13.68651203,0.520180433,1,0.4
13,all,2,,6,1,9,16.52008796,16.04810278,0.087409882,0.5,0.4
13,all,2,2,7,1,9,16.95713737,17.2607054,0.535669066,1,0.4
13,all,2,2,8,1,9,19.6354827,19.0538553,0.502492507,1,0.4
13,all,2,2,9,1,9,22.14794523,21.74787468,,1,0.4
13,all,3,,1,1,9,8.892307933,8.993284698,0.648087695,1,0.4
13,all,3,,2,1,9,12.13274641,12.49324571,0.728749943,1,0.4
13,all,3,,3,1,9,15.77649612,16.1286724,0.211785304,0.5,0.4
13,all,3,,4,1,9,16.83542265,17.72813069,0.600830076,1,0.4
13,all,3,,5,1,9,19.83957303,19.58363909,0.396012569,1,0.4
13,all,3,,6,1,9,21.81963587,21.42759441,0.387030254,0.5,0.4
13,all,3,3,7,1,9,23.75478714,23.88522633,0.40624102,1,0.4
13,all,3,3,8,1,9,25.78599224,25.11188728,0.556986516,1,0.4
13,all,3,3,9,1,9,28.57092482,29.05520145,,1,0.4
13,all,4,,1,6,9,,,,1,
13,all,4,,2,6,9,,,,1,
13,all,4,,3,6,9,,,,0.5,
13,all,4,,4,6,9,,,,1,
13,all,4,,5,6,9,,,,1,
13,all,4,,6,6,9,0.213877155,,0.388312802,0.5,
13,all,4,4,7,6,9,2.155441168,1.105090112,0.476629288,1,0.4
13,all,4,4,8,6,9,4.538587608,4.538450619,0.778355802,1,0.4
13,all,4,4,9,6,9,8.43036662,8.473331538,,1,0.4
13,all,5,,1,1,9,22.06421868,22.82527953,0.379659423,1,0.4
13,all,5,,2,1,9,23.9625158,23.74938937,0.381552913,1,0.4
13,all,5,,3,1,9,25.87028036,25.43276655,0.327519997,0.5,0.4
13,all,5,,4,1,9,27.50788035,27.5472535,0.462273996,1,0.4
13,all,5,,5,1,9,29.81925033,29.66285108,0.487726206,1,0.4
13,all,5,,6,1,9,32.25788136,32.77393411,0.123182761,0.5,0.4
13,all,5,5,7,1,9,32.87379517,33.13840986,0.460362911,1,0.4
13,all,5,5,8,1,9,35.17560972,34.90308063,0.344714373,1,0.4
13,all,5,5,9,1,9,36.89918158,37.19131861,,1,0.4
14,all,1,,1,1,9,11.51958474,11.49942398,0.793876131,1,0.4
14,all,1,,2,1,9,15.48896539,15.10965197,0.373649072,1,0.4
14,all,1,,3,1,9,17.35721075,17.14419757,0.270791471,0.5,0.4
14,all,1,,4,1,9,18.71116811,18.57512029,0.440909064,1,0.4
14,all,1,,5,1,9,20.91571343,20.48179091,0.389133112,1,0.4
14,all,1,,6,1,9,22.86137899,23.25780062,0.548486248,0.5,0.4
14,all,1,1,7,1,9,25.60381023,25.69884431,0.396269751,1,0.4
14,all,1,1,8,1,9,27.58515899,27.76374727,0.422933792,1,0.4
14,all,1,1,9,1,9,29.69982795,29.07036276,,1,0.4
14,all,2,,1,2,9,,,,1,
14,all,2,,2,2,9,0.562850242,,0.687364466,1,
14,all,2,,3,2,9,3.999672571,4.100557965,0.211572407,0.5,0.4
14,all,2,,4,2,9,5.057534607,5.493337062,0.798579501,1,0.4
14,all,2,,5,2,9,9.050432109,8.624205749,0.836902827,1,0.4
14,all,2,,6,2,9,13.23494625,13.05844432,0.158824216,0.5,0.4
14,all,2,2,7,2,9,14.02906732,14.26919518,0.638468974,1,0.4
14,all,2,2,8,2,9,17.22141219,16.36390903,0.456528482,1,0.4
14,all,2,2,9,2,9,19.5040546,20.02223187,,1,0.4
14,all,3,,1,1,9,25.83595016,26.11038319,0.427451346,1,0.4
14,all,3,,2,1,9,27.97320689,27.90122175,0.553297841,1,0.4
14,all,3,,3,1,9,30.73969609,30.77515343,0.186299657,0.5,0.4
14,all,3,,4,1,9,31.67119438,31.13951504,0.370791116,1,0.4
14,all,3,,5,1,9,33.52514996,33.34375,0.251989528,1,0.4
14,all,3,,6,1,9,34.7850976,34.46635347,0.149206636,0.5,0.4
14,all,3,3,7,1,9,35.53113078,35.65112367,0.337811221,1,0.4
14,all,3,3,8,1,9,37.22018689,37.05617714,0.170813574,1,0.4
14,all,3,3,9,1,9,38.07425476,37.86200696,,1,0.4
14,all,4,,1,1,5,12.4601449,12.06049271,0.598710954,1,0.4
14,all,4,,2,1,5,15.45369967,15.63679822,0.561631035,1,0.4
14,all,4,,3,1,5,18.26185484,18.69522992,0.331696511,0.5,0.4
14,all,4,,4,1,5,19.9203374,19.59562808,0.585467658,1,0.4
14,all,4,,5,1,5,22.84767569,22.98742033,0.598390779,1,0.4
14,all,4,,6,1,5,,,,0.5,
14,all,4,,7,1,5,,,,1,
14,all,4,,8,1,5,,,,1,
14,all,4,,9,1,5,,,,1,
15,all,1,,1,1,6,46.1245163,45.78067405,0.223323095,1,0.4
15,all,1,,2,1,6,47.24113178,47.02865913,0.362824598,1,0.4
15,all,1,,3,1,6,49.05525476,48.3204643,0.231561503,0.5,0.4
15,all,1,,4,1,6,50.21306228,49.6874632,0.307204525,1,0.4
15,all,1,,5,1,6,51.7490849,52.81761529,0.308766173,1,0.4
15,all,1,,6,1,6,53.29291577,53.37729445,0.089537213,0.5,0.4
15,all,1,,7,1,6,,,,1,
15,all,1,,8,1,6,,,,1,
15,all,1,,9,1,6,,,,1,
15,all,2,,1,1,9,35.94725281,36.15115845,0.369177393,1,0.4
15,all,2,,2,1,9,37.79313978,38.22869176,0.077742774,1,0.4
15,all,2,,3,1,9,38.18185365,38.52944705,0.115815103,0.5,0.4
15,all,2,,4,1,9,38.76092916,38.75885986,0.192157244,1,0.4
15,all,2,,5,1,9,39.72171538,39.7581316,0.323999225,1,0.4
15,all,2,,6,1,9,41.34171151,41.03869324,0.110991677,0.5,0.4
15,all,2,2,7,1,9,41.89666989,42.01472869,0.268170946,1,0.4
15,all,2,2,8,1,9,43.23752462,43.63700646,0.398457154,1,0.4
15,all,2,2,9,1,9,45.22981039,44.84105389,,1,0.4
15,all,3,,1,1,6,7.599070523,7.552447138,0.78306578,1,0.4
15,all,3,,2,1,6,11.51439942,11.38696615,0.656878217,1,0.4
15,all,3,,3,1,6,14.79879051,14.8495998,0.190973283,0.5,0.4
15,all,3,,4,1,6,15.75365692,15.70978694,0.567677593,1,0.4
15,all,3,,5,1,6,18.59204489,18.57201546,0.77848712,1,0.4
15,all,3,,6,1,6,22.48448049,23.44945732,0.418785715,0.5,0.4
15,all,3,,7,1,6,,,,1,
15,all,3,,8,1,6,,,,1,
15,all,3,,9,1,6,,,,1,
15,all,4,,1,1,9,10.93284879,11.18947809,0.430654622,1,0.4
15,all,4,,2,1,9,13.0861219,13.00491959,0.52856039,1,0.4
15,all,4,,3,1,9,15.72892384,15.72890845,0,0.5,0.4
15,all,4,,4,1,9,15.72892384,15.39908599,0.575145146,1,0.4
15,all,4,,5,1,9,18.60464957,18.38196581,0.504210047,1,0.4
15,all,4,,6,1,9,21.12569981,20.20912881,0.135350726,0.5,0.4
15,all,4,4,7,1,9,21.80245344,21.14150553,0.514447629,1,0.4
15,all,4,4,8,1,9,24.37469158,23.7461913,0.264001675,1,0.4
15,all,4,4,9,1,9,25.69469996,25.62257791,,1,0.4
16,all,1,,1,1,9,17.03190124,16.57207428,0.481888891,1,0.4
16,all,1,,2,1,9,19.44134569,20.02149559,0.51350193,1,0.4
16,all,1,,3,1,9,22.00885534,21.88974203,0.175312475,0.5,0.4
16,all,1,,4,1,9,22.88541771,23.62006217,0.567352026,1,0.4
16,all,1,,5,1,9,25.72217784,25.90807402,0.447386093,1,0.4
16,all,1,,6,1,9,27.95910831,28.12562001,0.261627005,0.5,0.4
16,all,1,1,7,1,9,29.26724333,30.07031294,0.474788631,1,0.4
16,all,1,1,8,1,9,31.64118649,32.12452022,0.224056966,1,0.4
16,all,1,1,9,1,9,32.76147132,32.94574733,,1,0.4
16,all,2,,1,1,9,15.51934155,15.37159605,0.726014,1,0.4
16,all,2,,2,1,9,19.14941155,19.40277874,0.434787846,1,0.4
16,all,2,,3,1,9,21.32335078,20.76988656,0.29019503,0.5,0.4
16,all,2,,4,1,9,22.77432593,23.37995326,0.68684487,1,0.4
16,all,2,,5,1,9,26.20855028,25.83089408,0.544045139,1,0.4
16,all,2,,6,1,9,28.92877598,28.84431321,0.207664388,0.5,0.4
16,all,2,2,7,1,9,29.96709792,30.44298513,0.424581826,1,0.4
16,all,2,2,8,1,9,32.09000705,32.52760531,0.413513663,1,0.4
16,all,2,2,9,1,9,34.15757536,33.5006376,,1,0.4
16,all,3,,1,1,9,14.70150217,14.59221539,0.403939081,1,0.4
16,all,3,,2,1,9,16.72119758,16.58306414,0.346303391,1,0.4
16,all,3,,3,1,9,18.45271453,18.46583244,0.379984472,0.5,0.4
16,all,3,,4,1,9,20.35263689,20.48510823,0.524348419,1,0.4
16,all,3,,5,1,9,22.97437898,23.26640643,0.631816863,1,0.4
16,all,3,,6,1,9,26.1334633,26.55228927,0.269463559,0.5,0.4
16,all,3,3,7,1,9,27.48078109,27.18892423,0.4830457,1,0.4
16,all,3,3,8,1,9,29.89600959,29.89042546,0.195902511,1,0.4
16,all,3,3,9,1,9,30.87552215,31.19056456,,1,0.4
16,all,4,,1,1,1,9.464264383,9.104073908,0.759962857,1,0.4
16,all,4,,2,1,1,,,,1,
16,all,4,,3,1,1,,,,0.5,
16,all,4,,4,1,1,,,,1,
16,all,4,,5,1,1,,,,1,
16,all,4,,6,1,1,,,,0.5,
16,all,4,,7,1,1,,,,1,
16,all,4,,8,1,1,,,,1,
16,all,4,,9,1,1,,,,1,
16,all,5,,1,1,1,8.435320978,8.792898781,0.734719645,1,0.4
16,all,5,,2,1,1,,,,1,
16,all,5,,3,1,1,,,,0.5,
16,all,5,,4,1,1,,,,1,
16,all,5,,5,1,1,,,,1,
16,all,5,,6,1,1,,,,0.5,
16,all,5,,7,1,1,,,,1,
16,all,5,,8,1,1,,,,1,
16,all,5,,9,1,1,,,,1,
17,all,1,,1,1,9,38.58367674,38.48861718,0.339285803,1,0.4
17,all,1,,2,1,9,40.28010576,40.33256827,0.363637497,1,0.4
17,all,1,,3,1,9,42.09829325,41.97530666,0.103459254,0.5,0.4
17,all,1,,4,1,9,42.61558951,43.05367309,0.347444232,1,0.4
17,all,1,,5,1,9,44.35281068,45.2563273,0.26651729,1,0.4
17,all,1,,6,1,9,45.68539713,45.45379088,0.1282492,0.5,0.4
17,all,1,1,7,1,9,46.32664313,46.66453637,0.468946826,1,0.4
17,all,1,1,8,1,9,48.67137726,49.1186939,0.345716472,1,0.4
17,all,1,1,9,1,9,50.39995962,50.56242045,,1,0.4
17,all,2,,1,1,9,12.08373246,11.62385625,0.587367602,1,0.4
17,all,2,,2,1,9,15.02057047,14.53777751,0.5207003,1,0.4
17,all,2,,3,1,9,17.62407197,17.18082964,0.362680674,0.5,0.4
17,all,2,,4,1,9,19.43747534,19.20169709,0.370868241,1,0.4
17,all,2,,5,1,9,21.29181654,21.71407058,0.441727555,1,0.4
17,all,2,,6,1,9,23.50045432,23.35216691,0.127811762,0.5,0.4
17,all,2,2,7,1,9,24.13951313,24.20251855,0.388876658,1,0.4
17,all,2,2,8,1,9,26.08389642,25.6885677,0.532986717,1,0.4
17,all,2,2,9,1,9,28.74883,28.8692821,,1,0.4
17,all,3,,1,4,6,,,,1,
17,all,3,,2,4,6,,,,1,
17,all,3,,3,4,6,,,,0.5,
17,all,3,,4,4,6,0.504294974,,0.949512754,1,
17,all,3,,5,4,6,5.251858744,5.355267211,0.759368188,1,0.4
17,all,3,,6,4,6,9.048699684,8.924249502,0.312677308,0.5,0.4
17,all,3,,7,4,6,,,,1,
17,all,3,,8,4,6,,,,1,
17,all,3,,9,4,6,,,,1,
17,all,4,,1,1,8,7.638096482,7.530522913,0.539467205,1,0.4
17,all,4,,2,1,8,10.3354325,10.59628653,0.674986205,1,0.4
17,all,4,,3,1,8,13.71036353,13.22192768,0.245059909,0.5,0.4
17,all,4,,4,1,8,14.93566307,14.74399191,0.597739829,1,0.4
17,all,4,,5,1,8,17.92436222,18.17442817,0.277186846,1,0.4
17,all,4,,6,1,8,19.31029645,19.74797825,0.345935926,0.5,0.4
17,all,4,4,7,1,8,21.03997608,20.67786462,0.592735077,1,0.4
17,all,4,4,8,1,8,24.00365146,24.56849705,0.477773587,1,0.4
17,all,4,,9,1,8,,,,1,
18,all,1,,1,1,9,11.97277164,12.41488182,0.476615488,1,0.4
18,all,1,,2,1,9,14.35584908,14.59176971,0.698110572,1,0.4
18,all,1,,3,1,9,17.84640194,17.57930637,0.011481848,0.5,0.4
18,all,1,,4,1,9,17.90381118,18.56052193,0.563501546,1,0.4
18,all,1,,5,1,9,20.72131891,20.39104898,0.662740277,1,0.4
18,all,1,,6,1,9,24.03502029,23.55050311,0.303255473,0.5,0.4
18,all,1,1,7,1,9,25.55129766,24.98482453,0.39392856,1,0.4
18,all,1,1,8,1,9,27.52094046,27.6396635,0.411930826,1,0.4
18,all,1,1,9,1,9,29.58059459,29.37073407,,1,0.4
18,all,2,,1,1,9,22.01508975,21.68480166,0.36519152,1,0.4
18,all,2,,2,1,9,23.84104735,23.87054656,0.198396509,1,0.4
18,all,2,,3,1,9,24.83302989,24.63574348,0.227512488,0.5,0.4
18,all,2,,4,1,9,25.97059233,26.32847166,0.383168115,1,0.4
18,all,2,,5,1,9,27.88643291,27.94411142,0.398635467,1,0.4
18,all,2,,6,1,9,29.87961025,30.13640492,0.305824394,0.5,0.4
18,all,2,2,7,1,9,31.40873222,32.48144216,0.640363829,1,0.4
18,all,2,2,8,1,9,34.61055136,34.34738368,0.350224066,1,0.4
18,all,2,2,9,1,9,36.36167169,36.58297915,,1,0.4
18,all,3,,1,7,7,,,,1,
18,all,3,,2,7,7,,,,1,
18,all,3,,3,7,7,,,,0.5,
18,all,3,,4,7,7,,,,1,
18,all,3,,5,7,7,,,,1,
18,all,3,,6,7,7,,,,0.5,
18,all,3,,7,7,7,0.522572669,,0.961105118,1,
18,all,3,,8,7,7,,,,1,
18,all,3,,9,7,7,,,,1,
18,all,4,,1,5,7,,,,1,
18,all,4,,2,5,7,,,,1,
18,all,4,,3,5,7,,,,0.5,
18,all,4,,4,5,7,,,,1,
18,all,4,,5,5,7,0.722968517,,0.679888148,1,
18,all,4,,6,5,7,4.122409257,4.362454496,0.20265081,0.5,0.4
18,all,4,4,7,5,7,5.135663304,5.454952008,0.665310767,1,0.4
18,all,4,,8,5,7,,,,1,
18,all,4,,9,5,7,,,,1,
19,all,1,,1,2,3,,,,1,
19,all,1,,2,2,3,0.492831068,,0.792392581,1,
19,all,1,,3,2,3,4.454793975,3.967960785,0.337946977,0.5,0.4
19,all,1,,4,2,3,,,,1,
19,all,1,,5,2,3,,,,1,
19,all,1,,6,2,3,,,,0.5,
19,all,1,,7,2,3,,,,1,
19,all,1,,8,2,3,,,,1,
19,all,1,,9,2,3,,,,1,
19,all,2,,1,1,2,18.92422393,18.46300271,0.416128241,1,0.4
19,all,2,,2,1,2,21.00486513,21.08811784,0.548936131,1,0.4
19,all,2,,3,1,2,,,,0.5,
19,all,2,,4,1,2,,,,1,
19,all,2,,5,1,2,,,,1,
19,all,2,,6,1,2,,,,0.5,
19,all,2,,7,1,2,,,,1,
19,all,2,,8,1,2,,,,1,
19,all,2,,9,1,2,,,,1,
19,all,3,,1,1,3,4.525328927,4.196011389,0.943426455,1,0.4
19,all,3,,2,1,3,9.2424612,9.121917028,0.569766539,1,0.4
19,all,3,,3,1,3,12.09129389,12.53780243,0.383737768,0.5,0.4
19,all,3,,4,1,3,,,,1,
19,all,3,,5,1,3,,,,1,
19,all,3,,6,1,3,,,,0.5,
19,all,3,,7,1,3,,,,1,
19,all,3,,8,1,3,,,,1,
19,all,3,,9,1,3,,,,1,
19,all,4,,1,1,9,5.139383618,4.929296979,0.722299898,1,0.4
19,all,4,,2,1,9,8.750883106,8.453656394,0.548177802,1,0.4
19,all,4,,3,1,9,11.49177211,11.79304363,0.263760433,0.5,0.4
19,all,4,,4,1,9,12.81057428,12.77367256,0.489804216,1,0.4
19,all,4,,5,1,9,15.25959536,15.56521888,0.447780875,1,0.4
19,all,4,,6,1,9,17.49849973,17.16614229,0,0.5,0.4
19,all,4,4,7,1,9,17.49849973,17.9865144,0.525884341,1,0.4
19,all,4,4,8,1,9,20.12792144,20.00949108,0.361678211,1,0.4
19,all,4,4,9,1,9,21.93631249,22.01329219,,1,0.4
19,all,5,,1,1,9,8.540345762,8.218280376,0.628215387,1,0.4
19,all,5,,2,1,9,11.6814227,12.05185776,0.742516442,1,0.4
19,all,5,,3,1,9,15.39400491,15.77281171,0.246778701,0.5,0.4
19,all,5,,4,1,9,16.62789841,16.49917923,0.526935309,1,0.4
19,all,5,,5,1,9,19.26257496,19.57154427,0.306881885,1,0.4
19,all,5,,6,1,9,20.79698439,20.70034019,0.196150979,0.5,0.4
19,all,5,5,7,1,9,21.77773928,21.86284767,0.608504663,1,0.4
19,all,5,5,8,1,9,24.8202626,25.1505005,0.61997783,1,0.4
19,all,5,5,9,1,9,27.92015175,28.14537154,,1,0.4
19,all,6,,1,1,9,1.655863188,0.903275803,0.826493359,1,0.4
19,all,6,,2,1,9,5.788329983,5.150855276,0.805071536,1,0.4
19,all,6,,3,1,9,9.813687661,10.01013175,0.307411084,0.5,0.4
19,all,6,,4,1,9,11.35074308,11.56287215,0.740415716,1,0.4
19,all,6,,5,1,9,15.05282166,15.19402747,0.426201716,1,0.4
19,all,6,,6,1,9,17.18383023,17.30790552,0.282587144,0.5,0.4
19,all,6,6,7,1,9,18.59676595,18.59191112,0.66816516,1,0.4
19,all,6,6,8,1,9,21.93759175,21.43042592,0.323285678,1,0.4
19,all,6,6,9,1,9,23.55402014,23.37252161,,1,0.4
20,all,1,,1,1,2,18.84113328,18.86780129,0.600159615,1,0.4
20,all,1,,2,1,2,21.84193135,21.21539192,0.338051218,1,0.4
20,all,1,,3,1,2,,,,0.5,
20,all,1,,4,1,2,,,,1,
20,all,1,,5,1,2,,,,1,
20,all,1,,6,1,2,,,,0.5,
20,all,1,,7,1,2,,,,1,
20,all,1,,8,1,2,,,,1,
20,all,1,,9,1,2,,,,1,
20,all,2,,1,8,9,,,,1,
20,all,2,,2,8,9,,,,1,
20,all,2,,3,8,9,,,,0.5,
20,all,2,,4,8,9,,,,1,
20,all,2,,5,8,9,,,,1,
20,all,2,,6,8,9,,,,0.5,
20,all,2,,7,8,9,,,,1,
20,all,2,,8,8,9,0.637961654,,0.957207498,1,
20,all,2,2,9,8,9,5.423999145,5.006337513,,1,0.4
20,all,3,,1,1,6,19.17259281,19.68511301,0.509353189,1,0.4
20,all,3,,2,1,6,21.71935875,21.90556814,0.455325197,1,0.4
20,all,3,,3,1,6,23.99598474,23.01966665,0.187121556,0.5,0.4
20,all,3,,4,1,6,24.93159252,25.43333721,0.415999546,1,0.4
20,all,3,,5,1,6,27.01159025,26.9248498,0.416229245,1,0.4
20,all,3,,6,1,6,29.09273648,28.99350463,0.232911915,0.5,0.4
20,all,3,,7,1,6,,,,1,
20,all,3,,8,1,6,,,,1,
20,all,3,,9,1,6,,,,1,
20,all,4,,1,3,3,,,,1,
20,all,4,,2,3,3,,,,1,
20,all,4,,3,3,3,0.86939573,,0.244189655,0.5,
20,all,4,,4,3,3,,,,1,
20,all,4,,5,3,3,,,,1,
20,all,4,,6,3,3,,,,0.5,
20,all,4,,7,3,3,,,,1,
20,all,4,,8,3,3,,,,1,
20,all,4,,9,3,3,,,,1,
20,all,5,,1,5,9,,,,1,
20,all,5,,2,5,9,,,,1,
20,all,5,,3,5,9,,,,0.5,
20,all,5,,4,5,9,,,,1,
20,all,5,,5,5,9,0.495018494,,0.785413106,1,
20,all,5,,6,5,9,4.422084024,3.813862231,0.463510568,0.5,0.4
20,all,5,5,7,5,9,6.739636864,7.023347957,0.760747763,1,0.4
20,all,5,5,8,5,9,10.54337568,9.894674077,0.773721153,1,0.4
20,all,5,5,9,5,9,14.41198145,14.34321143,,1,0.4
20,all,6,,1,1,9,8.344476976,7.446646855,0.495798382,1,0.4
20,all,6,,2,1,9,10.82346889,10.27711361,0.753712768,1,0.4
20,all,6,,3,1,9,14.59203273,15.18892961,0.451664757,0.5,0.4
20,all,6,,4,1,9,16.85035651,16.40419121,0.547343468,1,0.4
20,all,6,,5,1,9,19.58707385,19.57813203,0.562964026,1,0.4
20,all,6,,6,1,9,22.40189399,22.26550479,0.146019626,0.5,0.4
20,all,6,6,7,1,9,23.13199212,23.80658627,0.419394023,1,0.4
20,all,6,6,8,1,9,25.22896223,25.28659068,0.461411366,1,0.4
20,all,6,6,9,1,9,27.53601906,28.34691137,,1,0.4