Species,Tag,OriginalStemID,TrueStemID,CensusID,CensusInterval,DBH,ExactDate
sp1,1,1,,1,,7.53760054216104,1980-01-01
sp1,1,1,,2,4.87929342506146,9.86822324525956,1984-11-17
sp1,1,1,,3,5.02774292421107,16.0919541341749,1989-11-28
sp1,1,1,,4,5.10844411766831,20.4137680991966,1995-01-06
sp1,1,1,,5,4.76543022973707,26.3992585297951,1999-10-13
sp1,1,1,,6,5.04291246888111,37.0364736351304,2004-10-28
sp1,1,1,1,7,5.05060558921576,44.3043674667768,2009-11-16
sp1,1,1,1,8,4.94252600398654,56.2439665949433,2014-10-26
sp1,1,1,1,9,4.94533681442158,63.8208734285944,2019-10-06
sp1,1,2,,1,,23.5790347139569,1980-01-01
sp1,1,2,,2,4.87929342506146,30.5374963069562,1984-11-17
sp1,1,2,,3,5.02774292421107,36.070646176136,1989-11-28
sp1,1,2,,4,5.10844411766831,48.6474445526364,1995-01-06
sp1,1,2,,5,4.76543022973707,55.5670391275302,1999-10-13
sp1,1,2,,6,5.04291246888111,66.5013744640114,2004-10-28
sp1,1,2,2,7,5.05060558921576,77.5998995762377,2009-11-16
sp1,1,2,2,8,4.94252600398654,79.8367150321494,2014-10-26
sp1,1,2,2,9,4.94533681442158,89.3592697871013,2019-10-06
sp1,1,3,,1,,,1980-01-01
sp1,1,3,,2,4.87929342506146,,1984-11-17
sp1,1,3,,3,5.02774292421107,,1989-11-28
sp1,1,3,,4,5.10844411766831,,1995-01-06
sp1,1,3,,5,4.76543022973707,,1999-10-13
sp1,1,3,,6,5.04291246888111,,2004-10-28
sp1,1,3,3,7,5.05060558921576,0.150562872315699,2009-11-16
sp1,1,3,3,8,4.94252600398654,0.150562872315699,2014-10-26
sp1,1,3,3,9,4.94533681442158,0.832462965912623,2019-10-06
sp1,1,4,,1,,,1980-01-01
sp1,1,4,,2,4.87929342506146,0.306522675835534,1984-11-17
sp1,1,4,,3,5.02774292421107,1.95646528492596,1989-11-28
sp1,1,4,,4,5.10844411766831,4.74877698820337,1995-01-06
sp1,1,4,,5,4.76543022973707,7.4757080601187,1999-10-13
sp1,1,4,,6,5.04291246888111,12.4532282368242,2004-10-28
sp1,1,4,4,7,5.05060558921576,17.3241826599667,2009-11-16
sp1,1,4,4,8,4.94252600398654,21.5172180724279,2014-10-26
sp1,1,4,4,9,4.94533681442158,33.2547119133555,2019-10-06
sp1,1,5,,1,,42.7415207218314,1980-01-01
sp1,1,5,,2,4.87929342506146,45.4506258617407,1984-11-17
sp1,1,5,,3,5.02774292421107,54.3738713053589,1989-11-28
sp1,1,5,,4,5.10844411766831,61.0594947779095,1995-01-06
sp1,1,5,,5,4.76543022973707,65.4528653727692,1999-10-13
sp1,1,5,,6,5.04291246888111,65.4528653727692,2004-10-28
sp1,1,5,5,7,5.05060558921576,70.015710727766,2009-11-16
sp1,1,5,5,8,4.94252600398654,73.420801044693,2014-10-26
sp1,1,5,5,9,4.94533681442158,87.8222502325724,2019-10-06
sp1,2,1,,1,,15.5426316102452,1980-01-01
sp1,2,1,,2,5.01081065628026,19.1640392297841,1985-01-04
sp1,2,1,,3,5.07232007635877,27.2024891603932,1990-01-31
sp1,2,1,,4,5.13900950960743,33.0172718510449,1995-03-23
sp1,2,1,,5,4.91511166016216,39.5031021140406,2000-02-20
sp1,2,1,,6,5.02907228446435,,2005-03-02
sp1,2,1,1,7,5.13341760337024,,2010-04-20
sp1,2,1,1,8,4.90986578447409,,2015-03-18
sp1,2,1,1,9,4.97772365870672,,2020-03-09
sp1,2,2,,1,,11.0045800156871,1980-01-01
sp1,2,2,,2,5.01081065628026,17.1092853523817,1985-01-04
sp1,2,2,,3,5.07232007635877,21.990507117763,1990-01-31
sp1,2,2,,4,5.13900950960743,28.0387802388318,1995-03-23
sp1,2,2,,5,4.91511166016216,32.3271094777987,2000-02-20
sp1,2,2,,6,5.02907228446435,,2005-03-02
sp1,2,2,2,7,5.13341760337024,,2010-04-20
sp1,2,2,2,8,4.90986578447409,,2015-03-18
sp1,2,2,2,9,4.97772365870672,,2020-03-09
sp1,2,3,,1,,7.29080687475009,1980-01-01
sp1,2,3,,2,5.01081065628026,12.1838738770477,1985-01-04
sp1,2,3,,3,5.07232007635877,21.1803918920917,1990-01-31
sp1,2,3,,4,5.13900950960743,28.079685446052,1995-03-23
sp1,2,3,,5,4.91511166016216,33.1402141256717,2000-02-20
sp1,2,3,,6,5.02907228446435,41.7183744205571,2005-03-02
sp1,2,3,3,7,5.13341760337024,45.5718090697934,2010-04-20
sp1,2,3,3,8,4.90986578447409,51.1012837148115,2015-03-18
sp1,2,3,3,9,4.97772365870672,,2020-03-09
sp1,2,4,,1,,,1980-01-01
sp1,2,4,,2,5.01081065628026,,1985-01-04
sp1,2,4,,3,5.07232007635877,,1990-01-31
sp1,2,4,,4,5.13900950960743,,1995-03-23
sp1,2,4,,5,4.91511166016216,,2000-02-20
sp1,2,4,,6,5.02907228446435,0.608488140821093,2005-03-02
sp1,2,4,4,7,5.13341760337024,2.3159936975399,2010-04-20
sp1,2,4,4,8,4.90986578447409,5.42044601565413,2015-03-18
sp1,2,4,4,9,4.97772365870672,12.2053763208539,2020-03-09
sp1,3,1,,1,,4.48498215153657,1980-01-01
sp1,3,1,,2,5.15343319377615,8.77489445976649,1985-02-25
sp1,3,1,,3,4.9109797426942,16.5767591538358,1990-01-24
sp1,3,1,,4,4.96829209655128,23.9738095268026,1995-01-13
sp1,3,1,,5,5.06120194487595,,2000-02-04
sp1,3,1,,6,4.94510178148317,,2005-01-14
sp1,3,1,1,7,5.1064816463649,,2010-02-23
sp1,3,1,1,8,4.81880866884331,,2014-12-19
sp1,3,1,1,9,5.130827341164,,2020-02-05
sp1,3,2,,1,,8.6573639381074,1980-01-01
sp1,3,2,,2,5.15343319377615,12.3775802341776,1985-02-25
sp1,3,2,,3,4.9109797426942,18.8334998613401,1990-01-24
sp1,3,2,,4,4.96829209655128,23.9085640045905,1995-01-13
sp1,3,2,,5,5.06120194487595,31.2025537562702,2000-02-04
sp1,3,2,,6,4.94510178148317,40.4797024305032,2005-01-14
sp1,3,2,2,7,5.1064816463649,44.7625200284779,2010-02-23
sp1,3,2,2,8,4.81880866884331,52.9723080472559,2014-12-19
sp1,3,2,2,9,5.130827341164,60.1274094288374,2020-02-05
sp1,3,3,,1,,,1980-01-01
sp1,3,3,,2,5.15343319377615,,1985-02-25
sp1,3,3,,3,4.9109797426942,,1990-01-24
sp1,3,3,,4,4.96829209655128,0.683088136706095,1995-01-13
sp1,3,3,,5,5.06120194487595,2.33543199965688,2000-02-04
sp1,3,3,,6,4.94510178148317,8.33911946265971,2005-01-14
sp1,3,3,3,7,5.1064816463649,12.6742621228703,2010-02-23
sp1,3,3,3,8,4.81880866884331,18.7636201050399,2014-12-19
sp1,3,3,3,9,5.130827341164,27.567125361204,2020-02-05
sp1,3,4,,1,,6.50002973903841,1980-01-01
sp1,3,4,,2,5.15343319377615,10.4617304505089,1985-02-25
sp1,3,4,,3,4.9109797426942,18.8210256655426,1990-01-24
sp1,3,4,,4,4.96829209655128,22.4682950976005,1995-01-13
sp1,3,4,,5,5.06120194487595,26.0672028785503,2000-02-04
sp1,3,4,,6,4.94510178148317,33.8363067839592,2005-01-14
sp1,3,4,4,7,5.1064816463649,41.9721607803584,2010-02-23
sp1,3,4,4,8,4.81880866884331,46.4446141329545,2014-12-19
sp1,3,4,4,9,5.130827341164,57.5826612620316,2020-02-05
sp1,3,5,,1,,,1980-01-01
sp1,3,5,,2,5.15343319377615,,1985-02-25
sp1,3,5,,3,4.9109797426942,0.883549973166741,1990-01-24
sp1,3,5,,4,4.96829209655128,,1995-01-13
sp1,3,5,,5,5.06120194487595,,2000-02-04
sp1,3,5,,6,4.94510178148317,,2005-01-14
sp1,3,5,5,7,5.1064816463649,,2010-02-23
sp1,3,5,5,8,4.81880866884331,,2014-12-19
sp1,3,5,5,9,5.130827341164,,2020-02-05
sp1,3,6,,1,,,1980-01-01
sp1,3,6,,2,5.15343319377615,,1985-02-25
sp1,3,6,,3,4.9109797426942,,1990-01-24
sp1,3,6,,4,4.96829209655128,,1995-01-13
sp1,3,6,,5,5.06120194487595,,2000-02-04
sp1,3,6,,6,4.94510178148317,,2005-01-14
sp1,3,6,6,7,5.1064816463649,,2010-02-23
sp1,3,6,6,8,4.81880866884331,0.393784422233795,2014-12-19
sp1,3,6,6,9,5.130827341164,1.58695045876191,2020-02-05
sp1,4,1,,1,,4.24044185003115,1980-01-01
sp1,4,1,,2,4.68784104415755,7.06307965306693,1984-09-08
sp1,4,1,,3,5.16725471122431,14.7385638428367,1989-11-09
sp1,4,1,,4,5.0690549816449,19.7549677566377,1994-12-04
sp1,4,1,,5,4.90233296799289,24.4850679936528,1999-10-30
sp1,4,1,,6,5.00151341756049,35.0976802257501,2004-10-29
sp1,4,1,1,7,4.98345458247496,39.124446214586,2009-10-24
sp1,4,1,1,8,4.83397866314731,47.0363296345591,2014-08-24
sp1,4,1,1,9,4.91215656197345,58.8871051979546,2019-07-23
sp1,4,2,,1,,23.8371597127653,1980-01-01
sp1,4,2,,2,4.68784104415755,27.9418054385174,1984-09-08
sp1,4,2,,3,5.16725471122431,40.1978136091453,1989-11-09
sp1,4,2,,4,5.0690549816449,41.9154771619537,1994-12-04
sp1,4,2,,5,4.90233296799289,47.0094234812752,1999-10-30
sp1,4,2,,6,5.00151341756049,50.5947334586807,2004-10-29
sp1,4,2,2,7,4.98345458247496,54.452687446501,2009-10-24
sp1,4,2,2,8,4.83397866314731,63.5505501684166,2014-08-24
sp1,4,2,2,9,4.91215656197345,,2019-07-23
sp1,4,3,,1,,14.0196161238702,1980-01-01
sp1,4,3,,2,4.68784104415755,18.616347808195,1984-09-08
sp1,4,3,,3,5.16725471122431,28.8114728740155,1989-11-09
sp1,4,3,,4,5.0690549816449,36.8721286664519,1994-12-04
sp1,4,3,,5,4.90233296799289,36.8721286664519,1999-10-30
sp1,4,3,,6,5.00151341756049,43.6166879303779,2004-10-29
sp1,4,3,3,7,4.98345458247496,50.8916132092287,2009-10-24
sp1,4,3,3,8,4.83397866314731,56.2984729681555,2014-08-24
sp1,4,3,3,9,4.91215656197345,68.8579512022074,2019-07-23
sp1,4,4,,1,,,1980-01-01
sp1,4,4,,2,4.68784104415755,0.799113784079293,1984-09-08
sp1,4,4,,3,5.16725471122431,4.17094094742192,1989-11-09
sp1,4,4,,4,5.0690549816449,7.76783305238072,1994-12-04
sp1,4,4,,5,4.90233296799289,12.3342532815247,1999-10-30
sp1,4,4,,6,5.00151341756049,17.2191799090629,2004-10-29
sp1,4,4,4,7,4.98345458247496,,2009-10-24
sp1,4,4,4,8,4.83397866314731,,2014-08-24
sp1,4,4,4,9,4.91215656197345,,2019-07-23
sp1,4,5,,1,,10.6143835051824,1980-01-01
sp1,4,5,,2,4.68784104415755,14.4191051595005,1984-09-08
sp1,4,5,,3,5.16725471122431,22.7768578924581,1989-11-09
sp1,4,5,,4,5.0690549816449,28.1927511889302,1994-12-04
sp1,4,5,,5,4.90233296799289,33.6196570780854,1999-10-30
sp1,4,5,,6,5.00151341756049,,2004-10-29
sp1,4,5,5,7,4.98345458247496,,2009-10-24
sp1,4,5,5,8,4.83397866314731,,2014-08-24
sp1,4,5,5,9,4.91215656197345,,2019-07-23
sp1,5,1,,1,,6.40824509054799,1980-01-01
sp1,5,1,,2,4.83573434165993,9.73321768190376,1984-11-01
sp1,5,1,,3,5.12162813971656,17.3477472519295,1989-12-16
sp1,5,1,,4,4.92563475607021,23.0007170041565,1994-11-19
sp1,5,1,,5,5.09430824149071,28.5158554284573,1999-12-24
sp1,5,1,,6,4.98764979238675,40.4608044267092,2004-12-18
sp1,5,1,1,7,5.00705507685899,45.0476420372749,2009-12-21
sp1,5,1,1,8,5.05204732103905,50.5203017577484,2015-01-10
sp1,5,1,1,9,4.91001609102507,57.5192308979012,2019-12-08
sp1,5,2,,1,,6.21507048159371,1980-01-01
sp1,5,2,,2,4.83573434165993,9.50147569887917,1984-11-01
sp1,5,2,,3,5.12162813971656,18.2683669212945,1989-12-16
sp1,5,2,,4,4.92563475607021,24.7492778077267,1994-11-19
sp1,5,2,,5,5.09430824149071,28.1832990735897,1999-12-24
sp1,5,2,,6,4.98764979238675,36.8021593238649,2004-12-18
sp1,5,2,2,7,5.00705507685899,44.3465621148278,2009-12-21
sp1,5,2,2,8,5.05204732103905,49.602239380827,2015-01-10
sp1,5,2,2,9,4.91001609102507,62.7205491859384,2019-12-08
sp1,6,1,,1,,4.8706074314952,1980-01-01
sp1,6,1,,2,4.98227178074702,7.43920653396057,1984-12-25
sp1,6,1,,3,4.93918942364222,14.1123703369616,1989-12-03
sp1,6,1,,4,4.96455593698341,19.0469278599411,1994-11-20
sp1,6,1,,5,5.12748892343215,25.382502683136,2000-01-06
sp1,6,1,,6,5.07075463814202,34.6640482083669,2005-01-31
sp1,6,1,1,7,5.01066657829362,40.3428469858489,2010-02-04
sp1,6,1,1,8,4.97292519513323,49.9181951160049,2015-01-26
sp1,6,1,1,9,5.0341573485848,60.829699133354,2020-02-07
sp1,6,2,,1,,10.9594495766941,1980-01-01
sp1,6,2,,2,4.98227178074702,15.5560790299423,1984-12-25
sp1,6,2,,3,4.93918942364222,24.8318263727866,1989-12-03
sp1,6,2,,4,4.96455593698341,31.0617635304183,1994-11-20
sp1,6,2,,5,5.12748892343215,35.1181110082755,2000-01-06
sp1,6,2,,6,5.07075463814202,47.9330044388622,2005-01-31
sp1,6,2,2,7,5.01066657829362,57.2409914018824,2010-02-04
sp1,6,2,2,8,4.97292519513323,65.9169929722702,2015-01-26
sp1,6,2,2,9,5.0341573485848,79.2020214717104,2020-02-07
sp1,6,3,,1,,13.0585090322783,1980-01-01
sp1,6,3,,2,4.98227178074702,16.9632456904451,1984-12-25
sp1,6,3,,3,4.93918942364222,25.917705988931,1989-12-03
sp1,6,3,,4,4.96455593698341,29.755092380173,1994-11-20
sp1,6,3,,5,5.12748892343215,34.0588407154172,2000-01-06
sp1,6,3,,6,5.07075463814202,43.9964446074937,2005-01-31
sp1,6,3,3,7,5.01066657829362,49.7177018081191,2010-02-04
sp1,6,3,3,8,4.97292519513323,56.0145846289356,2015-01-26
sp1,6,3,3,9,5.0341573485848,69.369781302457,2020-02-07
sp1,7,1,,1,,3.34172921202459,1980-01-01
sp1,7,1,,2,5.10338832884193,7.29646146979859,1985-02-07
sp1,7,1,,3,4.99629776975653,14.4271150005804,1990-02-06
sp1,7,1,,4,5.24982923083807,21.2140473821209,1995-05-08
sp1,7,1,,5,4.97624296761527,27.0271497069647,2000-04-29
sp1,7,1,,6,5.09024691718621,34.7149078956764,2005-06-01
sp1,7,1,1,7,4.77549742335548,37.1595683300531,2010-03-11
sp1,7,1,1,8,4.88911812138916,41.5594692834303,2015-01-30
sp1,7,1,1,9,5.00095540344296,50.862992047704,2020-01-31
sp1,7,2,,1,,21.4478174185367,1980-01-01
sp1,7,2,,2,5.10338832884193,25.1960523022675,1985-02-07
sp1,7,2,,3,4.99629776975653,34.0050170918211,1990-02-06
sp1,7,2,,4,5.24982923083807,40.5071204241499,1995-05-08
sp1,7,2,,5,4.97624296761527,46.064436486225,2000-04-29
sp1,7,2,,6,5.09024691718621,59.2520622761788,2005-06-01
sp1,7,2,2,7,4.77549742335548,62.5793493487772,2010-03-11
sp1,7,2,2,8,4.88911812138916,69.4321372809456,2015-01-30
sp1,7,2,2,9,5.00095540344296,84.3860231263031,2020-01-31
sp1,7,3,,1,,,1980-01-01
sp1,7,3,,2,5.10338832884193,,1985-02-07
sp1,7,3,,3,4.99629776975653,,1990-02-06
sp1,7,3,,4,5.24982923083807,0.945824789496649,1995-05-08
sp1,7,3,,5,4.97624296761527,3.06062695956416,2000-04-29
sp1,7,3,,6,5.09024691718621,8.7215529806724,2005-06-01
sp1,7,3,3,7,4.77549742335548,13.4252855538209,2010-03-11
sp1,7,3,3,8,4.88911812138916,18.8879871156352,2015-01-30
sp1,7,3,3,9,5.00095540344296,27.3676730627151,2020-01-31
sp1,7,4,,1,,5.00412188196485,1980-01-01
sp1,7,4,,2,5.10338832884193,9.12343020172261,1985-02-07
sp1,7,4,,3,4.99629776975653,,1990-02-06
sp1,7,4,,4,5.24982923083807,,1995-05-08
sp1,7,4,,5,4.97624296761527,,2000-04-29
sp1,7,4,,6,5.09024691718621,,2005-06-01
sp1,7,4,4,7,4.77549742335548,,2010-03-11
sp1,7,4,4,8,4.88911812138916,,2015-01-30
sp1,7,4,4,9,5.00095540344296,,2020-01-31
sp1,7,5,,1,,,1980-01-01
sp1,7,5,,2,5.10338832884193,0.684099080544639,1985-02-07
sp1,7,5,,3,4.99629776975653,4.14792763216517,1990-02-06
sp1,7,5,,4,5.24982923083807,8.359768591008,1995-05-08
sp1,7,5,,5,4.97624296761527,11.6380788320208,2000-04-29
sp1,7,5,,6,5.09024691718621,19.8509030148272,2005-06-01
sp1,7,5,5,7,4.77549742335548,25.8835812082148,2010-03-11
sp1,7,5,5,8,4.88911812138916,,2015-01-30
sp1,7,5,5,9,5.00095540344296,,2020-01-31
sp1,8,1,,1,,12.9113134381403,1980-01-01
sp1,8,1,,2,5.01336860943488,16.9218456902416,1985-01-05
sp1,8,1,,3,5.01200237965521,,1990-01-10
sp1,8,1,,4,5.12714285425901,,1995-02-25
sp1,8,1,,5,4.94730444613718,,2000-02-06
sp1,8,1,,6,5.03516676941447,,2005-02-19
sp1,8,1,1,7,4.87292285071706,,2010-01-03
sp1,8,1,1,8,4.98427217253254,,2014-12-29
sp1,8,1,1,9,4.83355783719876,,2019-10-29
sp1,8,2,,1,,9.34787934472869,1980-01-01
sp1,8,2,,2,5.01336860943488,13.5363753007801,1985-01-05
sp1,8,2,,3,5.01200237965521,21.2056358716274,1990-01-10
sp1,8,2,,4,5.12714285425901,25.6636436363653,1995-02-25
sp1,8,2,,5,4.94730444613718,32.8032730219344,2000-02-06
sp1,8,2,,6,5.03516676941447,43.4674494725463,2005-02-19
sp1,8,2,2,7,4.87292285071706,49.8299416365183,2010-01-03
sp1,8,2,2,8,4.98427217253254,57.5565620446921,2014-12-29
sp1,8,2,2,9,4.83355783719876,71.011106342152,2019-10-29
sp1,8,3,,1,,9.6391501387698,1980-01-01
sp1,8,3,,2,5.01336860943488,13.2227086187878,1985-01-05
sp1,8,3,,3,5.01200237965521,20.7122840895691,1990-01-10
sp1,8,3,,4,5.12714285425901,27.3123688708343,1995-02-25
sp1,8,3,,5,4.94730444613718,,2000-02-06
sp1,8,3,,6,5.03516676941447,,2005-02-19
sp1,8,3,3,7,4.87292285071706,,2010-01-03
sp1,8,3,3,8,4.98427217253254,,2014-12-29
sp1,8,3,3,9,4.83355783719876,,2019-10-29
sp1,9,1,,1,,7.92914621295434,1980-01-01
sp1,9,1,,2,4.9836913249862,11.0243114082148,1984-12-25
sp1,9,1,,3,5.04445759488629,17.9865743749421,1990-01-11
sp1,9,1,,4,5.09101336374827,26.6593101294591,1995-02-13
sp1,9,1,,5,4.99710409882199,33.0895221277093,2000-02-12
sp1,9,1,,6,4.96736297002211,43.342397773343,2005-01-31
sp1,9,1,1,7,4.76859758646229,49.0857381281233,2009-11-08
sp1,9,1,1,8,4.97972872567859,55.675308224816,2014-10-31
sp1,9,1,1,9,4.92158123713311,67.7846299770974,2019-10-03
sp1,9,2,,1,,,1980-01-01
sp1,9,2,,2,4.9836913249862,,1984-12-25
sp1,9,2,,3,5.04445759488629,,1990-01-11
sp1,9,2,,4,5.09101336374827,,1995-02-13
sp1,9,2,,5,4.99710409882199,,2000-02-12
sp1,9,2,,6,4.96736297002211,0.807912745037319,2005-01-31
sp1,9,2,2,7,4.76859758646229,2.41173534442253,2009-11-08
sp1,9,2,2,8,4.97972872567859,5.22334818723685,2014-10-31
sp1,9,2,2,9,4.92158123713311,12.2249187484715,2019-10-03
sp1,9,3,,1,,9.27777758704706,1980-01-01
sp1,9,3,,2,4.9836913249862,12.4155962421404,1984-12-25
sp1,9,3,,3,5.04445759488629,21.6317475601309,1990-01-11
sp1,9,3,,4,5.09101336374827,25.8329001743271,1995-02-13
sp1,9,3,,5,4.99710409882199,29.8432879081441,2000-02-12
sp1,9,3,,6,4.96736297002211,37.0260294004416,2005-01-31
sp1,9,3,3,7,4.76859758646229,43.1394912258299,2009-11-08
sp1,9,3,3,8,4.97972872567859,50.6334601751621,2014-10-31
sp1,9,3,3,9,4.92158123713311,58.2802545184708,2019-10-03
sp1,10,1,,1,,3.29354277867716,1980-01-01
sp1,10,1,,2,4.95346250467088,5.28459951936298,1984-12-14
sp1,10,1,,3,4.99646506014879,10.3394765659614,1989-12-13
sp1,10,1,,4,4.95069328964002,15.0711148797875,1994-11-25
sp1,10,1,,5,5.13966911608555,19.5450936331484,2000-01-16
sp1,10,1,,6,4.89745544490197,25.143143497749,2004-12-09
sp1,10,1,1,7,5.01890726974512,30.5484178417523,2009-12-16
sp1,10,1,1,8,5.07186757600081,36.251181918132,2015-01-11
sp1,10,1,1,9,5.00077661298513,45.9571641768611,2020-01-12
sp1,10,2,,1,,7.95099179777898,1980-01-01
sp1,10,2,,2,4.95346250467088,12.7878981550553,1984-12-14
sp1,10,2,,3,4.99646506014879,21.8555765102022,1989-12-13
sp1,10,2,,4,4.95069328964002,26.6360052957308,1994-11-25
sp1,10,2,,5,5.13966911608555,30.2687315973819,2000-01-16
sp1,10,2,,6,4.89745544490197,38.4923865280134,2004-12-09
sp1,10,2,2,7,5.01890726974512,41.1246960374901,2009-12-16
sp1,10,2,2,8,5.07186757600081,44.3808875369546,2015-01-11
sp1,10,2,2,9,5.00077661298513,50.3646856072452,2020-01-12
sp1,10,3,,1,,21.9926534085618,1980-01-01
sp1,10,3,,2,4.95346250467088,28.8301139870804,1984-12-14
sp1,10,3,,3,4.99646506014879,34.9618941661852,1989-12-13
sp1,10,3,,4,4.95069328964002,,1994-11-25
sp1,10,3,,5,5.13966911608555,,2000-01-16
sp1,10,3,,6,4.89745544490197,,2004-12-09
sp1,10,3,3,7,5.01890726974512,,2009-12-16
sp1,10,3,3,8,5.07186757600081,,2015-01-11
sp1,10,3,3,9,5.00077661298513,,2020-01-12
sp2,11,1,,1,,8.63967870031078,1980-01-01
sp2,11,1,,2,5.21104051434976,16.3972876824508,1985-03-18
sp2,11,1,,3,4.86746160554289,20.802903858435,1990-01-29
sp2,11,1,,4,4.89660413524616,23.520241619974,1994-12-23
sp2,11,1,,5,5.06574510404107,29.2894766065592,2000-01-16
sp2,11,1,,6,4.8837140255194,36.3130124456552,2004-12-04
sp2,11,1,1,7,4.74700007196827,,2009-09-03
sp2,11,1,1,8,4.91391196837514,,2014-08-02
sp2,11,1,1,9,5.01899780155228,,2019-08-10
sp2,11,2,,1,,,1980-01-01
sp2,11,2,,2,5.21104051434976,0.735043093518295,1985-03-18
sp2,11,2,,3,4.86746160554289,2.39936804112311,1990-01-29
sp2,11,2,,4,4.89660413524616,5.24686300672238,1994-12-23
sp2,11,2,,5,5.06574510404107,10.0020771546501,2000-01-16
sp2,11,2,,6,4.8837140255194,14.3609051585543,2004-12-04
sp2,11,2,2,7,4.74700007196827,18.9358063489459,2009-09-03
sp2,11,2,2,8,4.91391196837514,26.2118186284195,2014-08-02
sp2,11,2,2,9,5.01899780155228,32.913241860832,2019-08-10
sp2,11,3,,1,,,1980-01-01
sp2,11,3,,2,5.21104051434976,0.60720382881204,1985-03-18
sp2,11,3,,3,4.86746160554289,2.45614292618024,1990-01-29
sp2,11,3,,4,4.89660413524616,5.48599239441878,1994-12-23
sp2,11,3,,5,5.06574510404107,10.4431714731393,2000-01-16
sp2,11,3,,6,4.8837140255194,18.4029569931739,2004-12-04
sp2,11,3,3,7,4.74700007196827,25.8914910608487,2009-09-03
sp2,11,3,3,8,4.91391196837514,33.3171192662001,2014-08-02
sp2,11,3,3,9,5.01899780155228,42.0588954408295,2019-08-10
sp2,11,4,,1,,40.0598513863198,1980-01-01
sp2,11,4,,2,5.21104051434976,41.4333645136836,1985-03-18
sp2,11,4,,3,4.86746160554289,47.6929905982634,1990-01-29
sp2,11,4,,4,4.89660413524616,57.7284110009167,1994-12-23
sp2,11,4,,5,5.06574510404107,73.4295527586944,2000-01-16
sp2,11,4,,6,4.8837140255194,73.4295527586944,2004-12-04
sp2,11,4,4,7,4.74700007196827,80.3682574882728,2009-09-03
sp2,11,4,4,8,4.91391196837514,89.5816922462197,2014-08-02
sp2,11,4,4,9,5.01899780155228,106.674208727774,2019-08-10
sp2,11,5,,1,,21.8622947606904,1980-01-01
sp2,11,5,,2,5.21104051434976,30.3698561296652,1985-03-18
sp2,11,5,,3,4.86746160554289,34.2283143937122,1990-01-29
sp2,11,5,,4,4.89660413524616,,1994-12-23
sp2,11,5,,5,5.06574510404107,,2000-01-16
sp2,11,5,,6,4.8837140255194,,2004-12-04
sp2,11,5,5,7,4.74700007196827,,2009-09-03
sp2,11,5,5,8,4.91391196837514,,2014-08-02
sp2,11,5,5,9,5.01899780155228,,2019-08-10
sp2,11,6,,1,,14.5956868300171,1980-01-01
sp2,11,6,,2,5.21104051434976,20.1073516841543,1985-03-18
sp2,11,6,,3,4.86746160554289,28.4180703845694,1990-01-29
sp2,11,6,,4,4.89660413524616,32.3695783153109,1994-12-23
sp2,11,6,,5,5.06574510404107,40.1055667917066,2000-01-16
sp2,11,6,,6,4.8837140255194,44.1097118334371,2004-12-04
sp2,11,6,6,7,4.74700007196827,50.0695951895776,2009-09-03
sp2,11,6,6,8,4.91391196837514,,2014-08-02
sp2,11,6,6,9,5.01899780155228,,2019-08-10
sp2,12,1,,1,,10.8924372061619,1980-01-01
sp2,12,1,,2,5.01599110598817,17.4008395038545,1985-01-06
sp2,12,1,,3,5.23402227803694,27.5671063497207,1990-04-02
sp2,12,1,,4,4.79163561098677,36.594123209286,1995-01-16
sp2,12,1,,5,4.83412533691728,45.6616666854919,1999-11-17
sp2,12,1,,6,5.05865142028622,52.8900381628903,2004-12-07
sp2,12,1,1,7,4.99916178413308,58.0444922562851,2009-12-07
sp2,12,1,1,8,5.02634080120959,61.7113083590723,2014-12-17
sp2,12,1,1,9,4.91380243850718,70.5340066938492,2019-11-16
sp2,12,2,,1,,,1980-01-01
sp2,12,2,,2,5.01599110598817,,1985-01-06
sp2,12,2,,3,5.23402227803694,,1990-04-02
sp2,12,2,,4,4.79163561098677,,1995-01-16
sp2,12,2,,5,4.83412533691728,0.600457721957945,1999-11-17
sp2,12,2,,6,5.05865142028622,2.47868811414532,2004-12-07
sp2,12,2,2,7,4.99916178413308,7.64928519950381,2009-12-07
sp2,12,2,2,8,5.02634080120959,11.6906807712417,2014-12-17
sp2,12,2,2,9,4.91380243850718,15.448846730925,2019-11-16
sp2,12,3,,1,,,1980-01-01
sp2,12,3,,2,5.01599110598817,,1985-01-06
sp2,12,3,,3,5.23402227803694,,1990-04-02
sp2,12,3,,4,4.79163561098677,,1995-01-16
sp2,12,3,,5,4.83412533691728,0.960108146617771,1999-11-17
sp2,12,3,,6,5.05865142028622,3.22947939934785,2004-12-07
sp2,12,3,3,7,4.99916178413308,7.209192314721,2009-12-07
sp2,12,3,3,8,5.02634080120959,13.2918173347669,2014-12-17
sp2,12,3,3,9,4.91380243850718,19.641183068151,2019-11-16
sp2,12,4,,1,,16.1564824442262,1980-01-01
sp2,12,4,,2,5.01599110598817,20.0750882717572,1985-01-06
sp2,12,4,,3,5.23402227803694,26.1003990825245,1990-04-02
sp2,12,4,,4,4.79163561098677,34.259771603734,1995-01-16
sp2,12,4,,5,4.83412533691728,40.7452537149948,1999-11-17
sp2,12,4,,6,5.05865142028622,46.6845798333668,2004-12-07
sp2,12,4,4,7,4.99916178413308,54.5704373345477,2009-12-07
sp2,12,4,4,8,5.02634080120959,61.817680565584,2014-12-17
sp2,12,4,4,9,4.91380243850718,64.9795688125803,2019-11-16
sp2,13,1,,1,,16.7649761422443,1980-01-01
sp2,13,1,,2,5.03618183290644,24.2104211245691,1985-01-13
sp2,13,1,,3,5.06488322535018,,1990-02-06
sp2,13,1,,4,5.06405293150535,,1995-03-02
sp2,13,1,,5,4.8826960746032,,2000-01-18
sp2,13,1,,6,5.04067736163334,,2005-02-02
sp2,13,1,1,7,4.94171087400585,,2010-01-12
sp2,13,1,1,8,5.06793303427306,,2015-02-06
sp2,13,1,1,9,4.98518721488902,,2020-01-31
sp2,13,2,,1,,20.8602081084559,1980-01-01
sp2,13,2,,2,5.03618183290644,29.1374563730263,1985-01-13
sp2,13,2,,3,5.06488322535018,36.4110484518732,1990-02-06
sp2,13,2,,4,5.06405293150535,45.5179707658775,1995-03-02
sp2,13,2,,5,4.8826960746032,54.3681715804367,2000-01-18
sp2,13,2,,6,5.04067736163334,62.5330928137592,2005-02-02
sp2,13,2,2,7,4.94171087400585,73.8143001638925,2010-01-12
sp2,13,2,2,8,5.06793303427306,76.4983882410789,2015-02-06
sp2,13,2,2,9,4.98518721488902,88.2665759588705,2020-01-31
sp2,14,1,,1,,6.04730626908306,1980-01-01
sp2,14,1,,2,5.11745233904414,13.0779676091159,1985-02-12
sp2,14,1,,3,4.97575971213359,18.6412805527181,1990-02-04
sp2,14,1,,4,5.0196262654141,25.0585244724218,1995-02-11
sp2,14,1,,5,4.86291649638034,32.0103292381838,1999-12-23
sp2,14,1,,6,5.04980127334024,42.0587804636424,2005-01-10
sp2,14,1,1,7,4.83210663303324,57.1873475271842,2009-11-10
sp2,14,1,1,8,4.93117567939172,,2014-10-16
sp2,14,1,1,9,4.98586873848223,,2019-10-11
sp2,14,2,,1,,4.22496194658711,1980-01-01
sp2,14,2,,2,5.11745233904414,10.1509525017205,1985-02-12
sp2,14,2,,3,4.97575971213359,17.1353854457536,1990-02-04
sp2,14,2,,4,5.0196262654141,25.3985587094694,1995-02-11
sp2,14,2,,5,4.86291649638034,32.8918442680244,1999-12-23
sp2,14,2,,6,5.04980127334024,36.3081256700216,2005-01-10
sp2,14,2,2,7,4.83210663303324,47.7119241706931,2009-11-10
sp2,14,2,2,8,4.93117567939172,47.7119241706931,2014-10-16
sp2,14,2,2,9,4.98586873848223,53.700247671509,2019-10-11
sp2,14,3,,1,,11.374674327598,1980-01-01
sp2,14,3,,2,5.11745233904414,18.9005391893406,1985-02-12
sp2,14,3,,3,4.97575971213359,26.3787734915994,1990-02-04
sp2,14,3,,4,5.0196262654141,34.2442098647956,1995-02-11
sp2,14,3,,5,4.86291649638034,41.1462137064232,1999-12-23
sp2,14,3,,6,5.04980127334024,47.2901804126808,2005-01-10
sp2,14,3,3,7,4.83210663303324,50.6605742956398,2009-11-10
sp2,14,3,3,8,4.93117567939172,57.8198069013311,2014-10-16
sp2,14,3,3,9,4.98586873848223,58.206576604627,2019-10-11
sp2,14,4,,1,,,1980-01-01
sp2,14,4,,2,5.11745233904414,,1985-02-12
sp2,14,4,,3,4.97575971213359,,1990-02-04
sp2,14,4,,4,5.0196262654141,0.72059589866703,1995-02-11
sp2,14,4,,5,4.86291649638034,2.54776910263333,1999-12-23
sp2,14,4,,6,5.04980127334024,5.27021553828766,2005-01-10
sp2,14,4,4,7,4.83210663303324,7.35982229677192,2009-11-10
sp2,14,4,4,8,4.93117567939172,14.2130426672156,2014-10-16
sp2,14,4,4,9,4.98586873848223,19.7956282497261,2019-10-11
sp2,15,1,,1,,,1980-01-01
sp2,15,1,,2,5.02050935239291,,1985-01-08
sp2,15,1,,3,4.83139688206414,,1989-11-07
sp2,15,1,,4,4.8326040597762,,1994-09-08
sp2,15,1,,5,4.83490605290662,0.876947827018533,1999-07-09
sp2,15,1,,6,5.05520549421655,4.06403798666422,2004-07-29
sp2,15,1,1,7,5.04490074366814,7.3233081858001,2009-08-15
sp2,15,1,1,8,4.98049573501367,12.1375475169085,2014-08-08
sp2,15,1,1,9,5.12141743074556,17.8598578568593,2019-09-21
sp2,15,2,,1,,6.43536433022576,1980-01-01
sp2,15,2,,2,5.02050935239291,14.2440581825336,1985-01-08
sp2,15,2,,3,4.83139688206414,21.8334446020297,1989-11-07
sp2,15,2,,4,4.8326040597762,29.0421857674441,1994-09-08
sp2,15,2,,5,4.83490605290662,34.6000109586872,1999-07-09
sp2,15,2,,6,5.05520549421655,43.0288024555046,2004-07-29
sp2,15,2,2,7,5.04490074366814,49.3565865475672,2009-08-15
sp2,15,2,2,8,4.98049573501367,59.9277754247837,2014-08-08
sp2,15,2,2,9,5.12141743074556,73.3261746653997,2019-09-21
sp2,15,3,,1,,,1980-01-01
sp2,15,3,,2,5.02050935239291,,1985-01-08
sp2,15,3,,3,4.83139688206414,,1989-11-07
sp2,15,3,,4,4.8326040597762,,1994-09-08
sp2,15,3,,5,4.83490605290662,,1999-07-09
sp2,15,3,,6,5.05520549421655,,2004-07-29
sp2,15,3,3,7,5.04490074366814,0.50304619455479,2009-08-15
sp2,15,3,3,8,4.98049573501367,1.15893696968442,2014-08-08
sp2,15,3,3,9,5.12141743074556,3.4228795483426,2019-09-21
sp2,15,4,,1,,6.35708217032227,1980-01-01
sp2,15,4,,2,5.02050935239291,13.0595392431898,1985-01-08
sp2,15,4,,3,4.83139688206414,19.2561689359655,1989-11-07
sp2,15,4,,4,4.8326040597762,25.2996479807976,1994-09-08
sp2,15,4,,5,4.83490605290662,30.6353739063133,1999-07-09
sp2,15,4,,6,5.05520549421655,35.2883124731881,2004-07-29
sp2,15,4,4,7,5.04490074366814,38.5236511089173,2009-08-15
sp2,15,4,4,8,4.98049573501367,53.6197682694375,2014-08-08
sp2,15,4,4,9,5.12141743074556,64.3669168174391,2019-09-21
sp2,15,5,,1,,10.5277296877634,1980-01-01
sp2,15,5,,2,5.02050935239291,16.4850890112292,1985-01-08
sp2,15,5,,3,4.83139688206414,21.7020690264341,1989-11-07
sp2,15,5,,4,4.8326040597762,24.5553681399127,1994-09-08
sp2,15,5,,5,4.83490605290662,34.8523448770201,1999-07-09
sp2,15,5,,6,5.05520549421655,41.9172633535156,2004-07-29
sp2,15,5,5,7,5.04490074366814,50.2988999217725,2009-08-15
sp2,15,5,5,8,4.98049573501367,55.394425133033,2014-08-08
sp2,15,5,5,9,5.12141743074556,68.7978590705211,2019-09-21
sp2,16,1,,1,,,1980-01-01
sp2,16,1,,2,5.11727588969752,,1985-02-12
sp2,16,1,,3,5.01954596797407,,1990-02-19
sp2,16,1,,4,5.00834766885357,,1995-02-23
sp2,16,1,,5,4.80827972283443,,1999-12-15
sp2,16,1,,6,5.02484190752079,,2004-12-23
sp2,16,1,1,7,5.0068862321307,,2009-12-26
sp2,16,1,1,8,4.91124322745789,0.463965085664519,2014-11-24
sp2,16,1,1,9,4.96714979128471,1.87764179786707,2019-11-12
sp2,16,2,,1,,86.0949594753855,1980-01-01
sp2,16,2,,2,5.11727588969752,98.9695200975576,1985-02-12
sp2,16,2,,3,5.01954596797407,111.183181552018,1990-02-19
sp2,16,2,,4,5.00834766885357,,1995-02-23
sp2,16,2,,5,4.80827972283443,,1999-12-15
sp2,16,2,,6,5.02484190752079,,2004-12-23
sp2,16,2,2,7,5.0068862321307,,2009-12-26
sp2,16,2,2,8,4.91124322745789,,2014-11-24
sp2,16,2,2,9,4.96714979128471,,2019-11-12
sp2,16,3,,1,,7.9341289068332,1980-01-01
sp2,16,3,,2,5.11727588969752,13.081546789332,1985-02-12
sp2,16,3,,3,5.01954596797407,17.1829316733304,1990-02-19
sp2,16,3,,4,5.00834766885357,23.5024416926243,1995-02-23
sp2,16,3,,5,4.80827972283443,31.0641051887645,1999-12-15
sp2,16,3,,6,5.02484190752079,34.8811797960768,2004-12-23
sp2,16,3,3,7,5.0068862321307,41.5196960145915,2009-12-26
sp2,16,3,3,8,4.91124322745789,42.4580931827269,2014-11-24
sp2,16,3,3,9,4.96714979128471,54.0826698753818,2019-11-12
sp2,17,1,,1,,9.13053247266929,1980-01-01
sp2,17,1,,2,5.09661433263392,17.8472408834956,1985-02-05
sp2,17,1,,3,5.11589985050495,24.6962532663675,1990-03-19
sp2,17,1,,4,5.05356511048523,34.4676921677045,1995-04-08
sp2,17,1,,5,4.93699361040883,46.2241535594501,2000-03-15
sp2,17,1,,6,5.04768494610208,54.5831006927556,2005-04-02
sp2,17,1,1,7,5.13037208980964,59.8411165649203,2010-05-20
sp2,17,1,1,8,4.90052230428534,70.6983254691036,2015-04-14
sp2,17,1,1,9,4.99234793810792,82.1474392830574,2020-04-10
sp2,17,2,,1,,,1980-01-01
sp2,17,2,,2,5.09661433263392,,1985-02-05
sp2,17,2,,3,5.11589985050495,0.758777945417229,1990-03-19
sp2,17,2,,4,5.05356511048523,3.45362101186215,1995-04-08
sp2,17,2,,5,4.93699361040883,7.76587132625942,2000-03-15
sp2,17,2,,6,5.04768494610208,12.1690649183703,2005-04-02
sp2,17,2,2,7,5.13037208980964,17.6912383211742,2010-05-20
sp2,17,2,2,8,4.90052230428534,20.4859100904595,2015-04-14
sp2,17,2,2,9,4.99234793810792,26.1138994606962,2020-04-10
sp2,18,1,,1,,4.75220978065362,1980-01-01
sp2,18,1,,2,4.84712265822234,11.2564872138259,1984-11-05
sp2,18,1,,3,4.87818801583535,18.142966772764,1989-09-22
sp2,18,1,,4,4.98005034105551,25.2018455249169,1994-09-15
sp2,18,1,,5,5.03112718540933,35.2603729450655,1999-09-27
sp2,18,1,,6,5.0368620419123,39.4511557950038,2004-10-09
sp2,18,1,1,7,5.04862378552619,48.061968569063,2009-10-27
sp2,18,1,1,8,5.09153325488633,57.416343507165,2014-11-30
sp2,18,1,1,9,4.89259349900534,66.4659172345938,2019-10-22
sp2,18,2,,1,,4.33525736776363,1980-01-01
sp2,18,2,,2,4.84712265822234,8.66368064268828,1984-11-05
sp2,18,2,,3,4.87818801583535,12.622087367311,1989-09-22
sp2,18,2,,4,4.98005034105551,20.4161541811961,1994-09-15
sp2,18,2,,5,5.03112718540933,23.8737310889637,1999-09-27
sp2,18,2,,6,5.0368620419123,28.2838422181232,2004-10-09
sp2,18,2,2,7,5.04862378552619,32.5705950632105,2009-10-27
sp2,18,2,2,8,5.09153325488633,41.8400917205498,2014-11-30
sp2,18,2,2,9,4.89259349900534,53.2862908903986,2019-10-22
sp2,19,1,,1,,16.1526178257337,1980-01-01
sp2,19,1,,2,5.07939659868818,21.6535934823354,1985-01-29
sp2,19,1,,3,5.10978679516084,29.688025849455,1990-03-11
sp2,19,1,,4,4.9628784267387,37.556296358752,1995-02-25
sp2,19,1,,5,4.96332291159472,45.743793371091,2000-02-12
sp2,19,1,,6,4.9765789527,,2005-02-03
sp2,19,1,1,7,5.10261374850925,,2010-03-13
sp2,19,1,1,8,4.9527930130693,,2015-02-24
sp2,19,1,1,9,5.03072679606936,,2020-03-06
sp2,19,2,,1,,13.6763135520586,1980-01-01
sp2,19,2,,2,5.07939659868818,18.2620477277724,1985-01-29
sp2,19,2,,3,5.10978679516084,26.2778266485608,1990-03-11
sp2,19,2,,4,4.9628784267387,33.9300369322859,1995-02-25
sp2,19,2,,5,4.96332291159472,36.4754956715031,2000-02-12
sp2,19,2,,6,4.9765789527,45.2207364812441,2005-02-03
sp2,19,2,2,7,5.10261374850925,53.1614796945906,2010-03-13
sp2,19,2,2,8,4.9527930130693,63.6073448924849,2015-02-24
sp2,19,2,2,9,5.03072679606936,63.6073448924849,2020-03-06
sp2,19,3,,1,,7.74731835084355,1980-01-01
sp2,19,3,,2,5.07939659868818,11.6419118040501,1985-01-29
sp2,19,3,,3,5.10978679516084,18.7472853248362,1990-03-11
sp2,19,3,,4,4.9628784267387,25.4081343159902,1995-02-25
sp2,19,3,,5,4.96332291159472,30.4323075740026,2000-02-12
sp2,19,3,,6,4.9765789527,35.5100199207964,2005-02-03
sp2,19,3,3,7,5.10261374850925,44.1742323556,2010-03-13
sp2,19,3,3,8,4.9527930130693,49.2808632224765,2015-02-24
sp2,19,3,3,9,5.03072679606936,55.58429533927,2020-03-06
sp2,19,4,,1,,14.0231347123994,1980-01-01
sp2,19,4,,2,5.07939659868818,21.0920556459096,1985-01-29
sp2,19,4,,3,5.10978679516084,24.5052706131358,1990-03-11
sp2,19,4,,4,4.9628784267387,35.9147958954401,1995-02-25
sp2,19,4,,5,4.96332291159472,38.6636528262397,2000-02-12
sp2,19,4,,6,4.9765789527,52.3649381919615,2005-02-03
sp2,19,4,4,7,5.10261374850925,59.8142475628767,2010-03-13
sp2,19,4,4,8,4.9527930130693,70.7947848196608,2015-02-24
sp2,19,4,4,9,5.03072679606936,78.7620273994272,2020-03-06
sp2,19,5,,1,,14.5833988309832,1980-01-01
sp2,19,5,,2,5.07939659868818,20.4999990164027,1985-01-29
sp2,19,5,,3,5.10978679516084,28.0696235887962,1990-03-11
sp2,19,5,,4,4.9628784267387,34.4099019316969,1995-02-25
sp2,19,5,,5,4.96332291159472,45.6480045850281,2000-02-12
sp2,19,5,,6,4.9765789527,58.0091535179077,2005-02-03
sp2,19,5,5,7,5.10261374850925,67.8083574637526,2010-03-13
sp2,19,5,5,8,4.9527930130693,,2015-02-24
sp2,19,5,5,9,5.03072679606936,,2020-03-06
sp2,19,6,,1,,,1980-01-01
sp2,19,6,,2,5.07939659868818,0.278077648096506,1985-01-29
sp2,19,6,,3,5.10978679516084,1.65148210629012,1990-03-11
sp2,19,6,,4,4.9628784267387,5.85911071288757,1995-02-25
sp2,19,6,,5,4.96332291159472,10.0077640808142,2000-02-12
sp2,19,6,,6,4.9765789527,14.8074883042485,2005-02-03
sp2,19,6,6,7,5.10261374850925,21.3716887119839,2010-03-13
sp2,19,6,6,8,4.9527930130693,30.4924773458782,2015-02-24
sp2,19,6,6,9,5.03072679606936,39.309923786267,2020-03-06
sp2,20,1,,1,,27.3983722435619,1980-01-01
sp2,20,1,,2,5.0064979945498,36.518450623306,1985-01-03
sp2,20,1,,3,4.95198740728628,43.7806654487623,1989-12-16
sp2,20,1,,4,5.11968514365947,56.3788433569888,1995-01-29
sp2,20,1,,5,5.06921265571749,59.2522510665856,2000-02-24
sp2,20,1,,6,5.04267986534422,,2005-03-11
sp2,20,1,1,7,4.98579363223351,,2010-03-06
sp2,20,1,1,8,4.8985113933553,,2015-01-28
sp2,20,1,1,9,4.99847501899675,,2020-01-28
sp2,20,2,,1,,,1980-01-01
sp2,20,2,,2,5.0064979945498,,1985-01-03
sp2,20,2,,3,4.95198740728628,,1989-12-16
sp2,20,2,,4,5.11968514365947,,1995-01-29
sp2,20,2,,5,5.06921265571749,,2000-02-24
sp2,20,2,,6,5.04267986534422,,2005-03-11
sp2,20,2,2,7,4.98579363223351,0.727619554020384,2010-03-06
sp2,20,2,2,8,4.8985113933553,3.33688349590811,2015-01-28
sp2,20,2,2,9,4.99847501899675,7.22860318789975,2020-01-28
sp2,20,3,,1,,,1980-01-01
sp2,20,3,,2,5.0064979945498,0.851750614923347,1985-01-03
sp2,20,3,,3,4.95198740728628,2.97934698476979,1989-12-16
sp2,20,3,,4,5.11968514365947,6.9118385882509,1995-01-29
sp2,20,3,,5,5.06921265571749,13.2931307890257,2000-02-24
sp2,20,3,,6,5.04267986534422,17.3738034908876,2005-03-11
sp2,20,3,3,7,4.98579363223351,26.0822440926794,2010-03-06
sp2,20,3,3,8,4.8985113933553,34.605482078217,2015-01-28
sp2,20,3,3,9,4.99847501899675,42.1950887433979,2020-01-28
sp2,20,4,,1,,7.08824108639384,1980-01-01
sp2,20,4,,2,5.0064979945498,11.7715570902376,1985-01-03
sp2,20,4,,3,4.95198740728628,15.7386599953762,1989-12-16
sp2,20,4,,4,5.11968514365947,24.5407173929118,1995-01-29
sp2,20,4,,5,5.06921265571749,30.7883945582932,2000-02-24
sp2,20,4,,6,5.04267986534422,39.9463956282407,2005-03-11
sp2,20,4,4,7,4.98579363223351,42.4395710575296,2010-03-06
sp2,20,4,4,8,4.8985113933553,46.8457202041719,2015-01-28
sp2,20,4,4,9,4.99847501899675,51.2352349484401,2020-01-28
sp2,20,5,,1,,45.686995413546,1980-01-01
sp2,20,5,,2,5.0064979945498,49.3158112639434,1985-01-03
sp2,20,5,,3,4.95198740728628,61.2991544978441,1989-12-16
sp2,20,5,,4,5.11968514365947,65.1382235687901,1995-01-29
sp2,20,5,,5,5.06921265571749,68.5084090208502,2000-02-24
sp2,20,5,,6,5.04267986534422,,2005-03-11
sp2,20,5,5,7,4.98579363223351,,2010-03-06
sp2,20,5,5,8,4.8985113933553,,2015-01-28
sp2,20,5,5,9,4.99847501899675,,2020-01-28
sp2,20,6,,1,,,1980-01-01
sp2,20,6,,2,5.0064979945498,,1985-01-03
sp2,20,6,,3,4.95198740728628,,1989-12-16
sp2,20,6,,4,5.11968514365947,,1995-01-29
sp2,20,6,,5,5.06921265571749,,2000-02-24
sp2,20,6,,6,5.04267986534422,0.950011730466739,2005-03-11
sp2,20,6,6,7,4.98579363223351,3.62154235155183,2010-03-06
sp2,20,6,6,8,4.8985113933553,6.88785545834396,2015-01-28
sp2,20,6,6,9,4.99847501899675,11.3331852663034,2020-01-28
sp2,21,1,,1,,17.7996203174068,1980-01-01
sp2,21,1,,2,5.06923640070167,21.9883863998978,1985-01-26
sp2,21,1,,3,5.06940906804647,30.9123011342619,1990-02-20
sp2,21,1,,4,4.98221625137223,35.344704074143,1995-02-14
sp2,21,1,,5,5.0276449972918,39.6219354177495,2000-02-24
sp2,21,1,,6,4.97102771246514,55.0612487661858,2005-02-13
sp2,21,1,1,7,4.92293176279256,62.0130886461153,2010-01-16
sp2,21,1,1,8,5.14699897728957,73.3857680467699,2015-03-11
sp2,21,1,1,9,4.93678801507529,83.4536863131119,2020-02-16
sp2,21,2,,1,,,1980-01-01
sp2,21,2,,2,5.06923640070167,,1985-01-26
sp2,21,2,,3,5.06940906804647,0.607733016681585,1990-02-20
sp2,21,2,,4,4.98221625137223,1.50539992475182,1995-02-14
sp2,21,2,,5,5.0276449972918,4.67343866616688,2000-02-24
sp2,21,2,,6,4.97102771246514,9.65365936147444,2005-02-13
sp2,21,2,2,7,4.92293176279256,14.5213320868333,2010-01-16
sp2,21,2,2,8,5.14699897728957,20.9955482348254,2015-03-11
sp2,21,2,2,9,4.93678801507529,27.2765876684911,2020-02-16
sp2,21,3,,1,,,1980-01-01
sp2,21,3,,2,5.06923640070167,,1985-01-26
sp2,21,3,,3,5.06940906804647,,1990-02-20
sp2,21,3,,4,4.98221625137223,,1995-02-14
sp2,21,3,,5,5.0276449972918,,2000-02-24
sp2,21,3,,6,4.97102771246514,,2005-02-13
sp2,21,3,3,7,4.92293176279256,0.538960352899227,2010-01-16
sp2,21,3,3,8,5.14699897728957,2.48229841332249,2015-03-11
sp2,21,3,3,9,4.93678801507529,6.8475570884902,2020-02-16
sp2,21,4,,1,,,1980-01-01
sp2,21,4,,2,5.06923640070167,,1985-01-26
sp2,21,4,,3,5.06940906804647,,1990-02-20
sp2,21,4,,4,4.98221625137223,,1995-02-14
sp2,21,4,,5,5.0276449972918,,2000-02-24
sp2,21,4,,6,4.97102771246514,,2005-02-13
sp2,21,4,4,7,4.92293176279256,,2010-01-16
sp2,21,4,4,8,5.14699897728957,0.668928738730125,2015-03-11
sp2,21,4,4,9,4.93678801507529,4.12556592887305,2020-02-16
sp2,21,5,,1,,31.2707100919187,1980-01-01
sp2,21,5,,2,5.06923640070167,43.5629949343004,1985-01-26
sp2,21,5,,3,5.06940906804647,50.9296794321599,1990-02-20
sp2,21,5,,4,4.98221625137223,57.8863050332907,1995-02-14
sp2,21,5,,5,5.0276449972918,,2000-02-24
sp2,21,5,,6,4.97102771246514,,2005-02-13
sp2,21,5,5,7,4.92293176279256,,2010-01-16
sp2,21,5,5,8,5.14699897728957,,2015-03-11
sp2,21,5,5,9,4.93678801507529,,2020-02-16
sp2,22,1,,1,,18.1559174783915,1980-01-01
sp2,22,1,,2,4.89471591267291,26.4113823001311,1984-11-23
sp2,22,1,,3,5.07588900341269,36.4504800581004,1989-12-21
sp2,22,1,,4,5.13465780433258,43.9020207844768,1995-02-08
sp2,22,1,,5,4.78090509081239,46.4876138927795,1999-11-20
sp2,22,1,,6,5.07435969009622,52.0325917125841,2004-12-17
sp2,22,1,1,7,5.26714241432341,59.6792130921804,2010-03-25
sp2,22,1,1,8,4.93305123306931,59.6792130921804,2015-02-28
sp2,22,1,1,9,5.03976350558894,79.9046088855845,2020-03-14
sp2,22,2,,1,,,1980-01-01
sp2,22,2,,2,4.89471591267291,,1984-11-23
sp2,22,2,,3,5.07588900341269,,1989-12-21
sp2,22,2,,4,5.13465780433258,,1995-02-08
sp2,22,2,,5,4.78090509081239,,1999-11-20
sp2,22,2,,6,5.07435969009622,0.258086654206241,2004-12-17
sp2,22,2,2,7,5.26714241432341,2.12990277812647,2010-03-25
sp2,22,2,2,8,4.93305123306931,7.26526953283367,2015-02-28
sp2,22,2,2,9,5.03976350558894,10.8596947810837,2020-03-14
sp2,22,3,,1,,35.8828270720279,1980-01-01
sp2,22,3,,2,4.89471591267291,44.6951918507249,1984-11-23
sp2,22,3,,3,5.07588900341269,55.7495751831449,1989-12-21
sp2,22,3,,4,5.13465780433258,65.5819072849321,1995-02-08
sp2,22,3,,5,4.78090509081239,75.0700229746983,1999-11-20
sp2,22,3,,6,5.07435969009622,87.5643830796421,2004-12-17
sp2,22,3,3,7,5.26714241432341,95.1430662243924,2010-03-25
sp2,22,3,3,8,4.93305123306931,108.635045393824,2015-02-28
sp2,22,3,3,9,5.03976350558894,108.635045393824,2020-03-14
sp2,22,4,,1,,,1980-01-01
sp2,22,4,,2,4.89471591267291,,1984-11-23
sp2,22,4,,3,5.07588900341269,0.329194699570029,1989-12-21
sp2,22,4,,4,5.13465780433258,1.85416199348292,1995-02-08
sp2,22,4,,5,4.78090509081239,5.0817405644677,1999-11-20
sp2,22,4,,6,5.07435969009622,10.5843518250424,2004-12-17
sp2,22,4,4,7,5.26714241432341,16.2801609471698,2010-03-25
sp2,22,4,4,8,4.93305123306931,22.9838958104161,2015-02-28
sp2,22,4,4,9,5.03976350558894,31.158576434062,2020-03-14
sp2,22,5,,1,,11.2906913895323,1980-01-01
sp2,22,5,,2,4.89471591267291,17.1272648022066,1984-11-23
sp2,22,5,,3,5.07588900341269,24.7955986229519,1989-12-21
sp2,22,5,,4,5.13465780433258,26.5702301495148,1995-02-08
sp2,22,5,,5,4.78090509081239,,1999-11-20
sp2,22,5,,6,5.07435969009622,,2004-12-17
sp2,22,5,5,7,5.26714241432341,,2010-03-25
sp2,22,5,5,8,4.93305123306931,,2015-02-28
sp2,22,5,5,9,5.03976350558894,,2020-03-14
sp2,23,1,,1,,,1980-01-01
sp2,23,1,,2,5.14150371677862,0.571343094050982,1985-02-21
sp2,23,1,,3,4.96431203198323,2.34303535941866,1990-02-08
sp2,23,1,,4,4.9581785862889,5.06778216378644,1995-01-24
sp2,23,1,,5,5.04976873916196,9.28384116680248,2000-02-12
sp2,23,1,,6,4.95219534151177,14.6525691965666,2005-01-24
sp2,23,1,1,7,4.97704831123191,19.9748061937787,2010-01-16
sp2,23,1,1,8,5.02095285213313,24.1560674497384,2015-01-24
sp2,23,1,1,9,4.95697795217627,32.9164525208501,2020-01-09
sp2,23,2,,1,,8.10718110465929,1980-01-01
sp2,23,2,,2,5.14150371677862,14.230860661413,1985-02-21
sp2,23,2,,3,4.96431203198323,18.6910425833431,1990-02-08
sp2,23,2,,4,4.9581785862889,23.0603420099408,1995-01-24
sp2,23,2,,5,5.04976873916196,28.1128871410827,2000-02-12
sp2,23,2,,6,4.95219534151177,37.4659784747253,2005-01-24
sp2,23,2,2,7,4.97704831123191,44.8392868964269,2010-01-16
sp2,23,2,2,8,5.02095285213313,57.2485329269686,2015-01-24
sp2,23,2,2,9,4.95697795217627,68.6697519085263,2020-01-09
sp2,23,3,,1,,6.53738970816519,1980-01-01
sp2,23,3,,2,5.14150371677862,11.4563863385914,1985-02-21
sp2,23,3,,3,4.96431203198323,18.3175113076061,1990-02-08
sp2,23,3,,4,4.9581785862889,26.4971425704344,1995-01-24
sp2,23,3,,5,5.04976873916196,33.1782527487368,2000-02-12
sp2,23,3,,6,4.95219534151177,42.9050317962622,2005-01-24
sp2,23,3,3,7,4.97704831123191,47.4730645153107,2010-01-16
sp2,23,3,3,8,5.02095285213313,48.7124780800167,2015-01-24
sp2,23,3,3,9,4.95697795217627,57.0975762690183,2020-01-09
sp2,23,4,,1,,47.4778752222328,1980-01-01
sp2,23,4,,2,5.14150371677862,53.6708802012377,1985-02-21
sp2,23,4,,3,4.96431203198323,67.0762454035728,1990-02-08
sp2,23,4,,4,4.9581785862889,68.7614143540227,1995-01-24
sp2,23,4,,5,5.04976873916196,89.6310284284774,2000-02-12
sp2,23,4,,6,4.95219534151177,89.6310284284774,2005-01-24
sp2,23,4,4,7,4.97704831123191,107.973671940486,2010-01-16
sp2,23,4,4,8,5.02095285213313,118.766031120261,2015-01-24
sp2,23,4,4,9,4.95697795217627,125.934027586204,2020-01-09
sp2,23,5,,1,,,1980-01-01
sp2,23,5,,2,5.14150371677862,,1985-02-21
sp2,23,5,,3,4.96431203198323,,1990-02-08
sp2,23,5,,4,4.9581785862889,,1995-01-24
sp2,23,5,,5,5.04976873916196,0.978559608481586,2000-02-12
sp2,23,5,,6,4.95219534151177,3.70619292566471,2005-01-24
sp2,23,5,5,7,4.97704831123191,8.34744614377196,2010-01-16
sp2,23,5,5,8,5.02095285213313,15.755888941698,2015-01-24
sp2,23,5,5,9,4.95697795217627,23.1307052632015,2020-01-09
sp2,24,1,,1,,37.7138921900321,1980-01-01
sp2,24,1,,2,5.02602783714837,44.1409620722946,1985-01-10
sp2,24,1,,3,4.90126784421798,50.9594011691486,1989-12-05
sp2,24,1,,4,4.91679508987748,54.2433268024603,1994-11-05
sp2,24,1,,5,4.86975330363763,56.1890404522615,1999-09-18
sp2,24,1,,6,4.94426861030006,73.4965739853269,2004-08-28
sp2,24,1,1,7,5.04591366374909,82.9519939084527,2009-09-14
sp2,24,1,1,8,4.92781939550333,101.842094064712,2014-08-19
sp2,24,1,1,9,5.18138959611799,124.346198914658,2019-10-25
sp2,24,2,,1,,,1980-01-01
sp2,24,2,,2,5.02602783714837,,1985-01-10
sp2,24,2,,3,4.90126784421798,0.685749111295654,1989-12-05
sp2,24,2,,4,4.91679508987748,2.77312249513855,1994-11-05
sp2,24,2,,5,4.86975330363763,7.84879019920494,1999-09-18
sp2,24,2,,6,4.94426861030006,12.4756119332037,2004-08-28
sp2,24,2,2,7,5.04591366374909,17.8046421844176,2009-09-14
sp2,24,2,2,8,4.92781939550333,23.6863874581518,2014-08-19
sp2,24,2,2,9,5.18138959611799,30.0487201324413,2019-10-25
sp2,24,3,,1,,38.5697242813686,1980-01-01
sp2,24,3,,2,5.02602783714837,52.2579181519043,1985-01-10
sp2,24,3,,3,4.90126784421798,59.5597510234846,1989-12-05
sp2,24,3,,4,4.91679508987748,69.0359486293,1994-11-05
sp2,24,3,,5,4.86975330363763,77.2234008942517,1999-09-18
sp2,24,3,,6,4.94426861030006,81.669314798361,2004-08-28
sp2,24,3,3,7,5.04591366374909,86.163741784051,2009-09-14
sp2,24,3,3,8,4.92781939550333,,2014-08-19
sp2,24,3,3,9,5.18138959611799,,2019-10-25
sp2,24,4,,1,,40.2545870889669,1980-01-01
sp2,24,4,,2,5.02602783714837,48.1470155436008,1985-01-10
sp2,24,4,,3,4.90126784421798,57.8815492815016,1989-12-05
sp2,24,4,,4,4.91679508987748,69.8474498408728,1994-11-05
sp2,24,4,,5,4.86975330363763,73.8546299031952,1999-09-18
sp2,24,4,,6,4.94426861030006,91.9298103750308,2004-08-28
sp2,24,4,4,7,5.04591366374909,93.6106988178995,2009-09-14
sp2,24,4,4,8,4.92781939550333,120.152904112652,2014-08-19
sp2,24,4,4,9,5.18138959611799,133.430718556163,2019-10-25
sp2,24,5,,1,,18.827296902599,1980-01-01
sp2,24,5,,2,5.02602783714837,28.6938403050804,1985-01-10
sp2,24,5,,3,4.90126784421798,33.3532607341558,1989-12-05
sp2,24,5,,4,4.91679508987748,43.4490852759218,1994-11-05
sp2,24,5,,5,4.86975330363763,50.7533686697233,1999-09-18
sp2,24,5,,6,4.94426861030006,63.4070698851498,2004-08-28
sp2,24,5,5,7,5.04591366374909,76.84999850087,2009-09-14
sp2,24,5,5,8,4.92781939550333,86.5538320615596,2014-08-19
sp2,24,5,5,9,5.18138959611799,97.5796608675185,2019-10-25
sp2,25,1,,1,,,1980-01-01
sp2,25,1,,2,5.14266014357863,0.887017627321535,1985-02-21
sp2,25,1,,3,4.91660600902761,3.34581173343702,1990-01-22
sp2,25,1,,4,5.03452794999774,7.33020473554612,1995-02-04
sp2,25,1,,5,5.01813026347887,12.4331420572077,2000-02-11
sp2,25,1,,6,4.74556286296862,19.2987192371087,2004-11-09
sp2,25,1,1,7,5.06790927934311,29.0869615370921,2009-12-04
sp2,25,1,1,8,4.89096258010914,35.7991546970879,2014-10-26
sp2,25,1,1,9,5.0634886282906,40.0577277543262,2019-11-18
sp2,25,2,,1,,2.6530482119136,1980-01-01
sp2,25,2,,2,5.14266014357863,7.17948059848195,1985-02-21
sp2,25,2,,3,4.91660600902761,10.4295796278071,1990-01-22
sp2,25,2,,4,5.03452794999774,16.2122758232505,1995-02-04
sp2,25,2,,5,5.01813026347887,21.0543455363087,2000-02-11
sp2,25,2,,6,4.74556286296862,25.0987857642731,2004-11-09
sp2,25,2,2,7,5.06790927934311,32.5248333591995,2009-12-04
sp2,25,2,2,8,4.89096258010914,36.3211020307731,2014-10-26
sp2,25,2,2,9,5.0634886282906,41.3523130578484,2019-11-18
sp2,25,3,,1,,18.8860806498119,1980-01-01
sp2,25,3,,2,5.14266014357863,26.3458397760133,1985-02-21
sp2,25,3,,3,4.91660600902761,36.2272030922351,1990-01-22
sp2,25,3,,4,5.03452794999774,46.1092046993531,1995-02-04
sp2,25,3,,5,5.01813026347887,48.0679075831347,2000-02-11
sp2,25,3,,6,4.74556286296862,53.458734689515,2004-11-09
sp2,25,3,3,7,5.06790927934311,73.2647147380071,2009-12-04
sp2,25,3,3,8,4.89096258010914,83.2159862507786,2014-10-26
sp2,25,3,3,9,5.0634886282906,83.2159862507786,2019-11-18
sp3,26,1,,1,,,1980-01-01
sp3,26,1,,2,4.92029731874388,,1984-12-02
sp3,26,1,,3,4.9438833831734,,1989-11-12
sp3,26,1,,4,5.08879175111921,,1994-12-15
sp3,26,1,,5,4.96244148427679,,1999-12-01
sp3,26,1,,6,4.92086463524298,,2004-11-01
sp3,26,1,1,7,4.95905516544665,,2009-10-18
sp3,26,1,1,8,4.93389567610553,0.583943384891578,2014-09-24
sp3,26,1,1,9,4.81939012316609,1.32716166698366,2019-07-20
sp3,26,2,,1,,13.4228313378295,1980-01-01
sp3,26,2,,2,4.92029731874388,24.0165887260363,1984-12-02
sp3,26,2,,3,4.9438833831734,,1989-11-12
sp3,26,2,,4,5.08879175111921,,1994-12-15
sp3,26,2,,5,4.96244148427679,,1999-12-01
sp3,26,2,,6,4.92086463524298,,2004-11-01
sp3,26,2,2,7,4.95905516544665,,2009-10-18
sp3,26,2,2,8,4.93389567610553,,2014-09-24
sp3,26,2,2,9,4.81939012316609,,2019-07-20
sp3,26,3,,1,,14.9190093145015,1980-01-01
sp3,26,3,,2,4.92029731874388,21.0743783516094,1984-12-02
sp3,26,3,,3,4.9438833831734,21.0743783516094,1989-11-12
sp3,26,3,,4,5.08879175111921,33.0872041772827,1994-12-15
sp3,26,3,,5,4.96244148427679,44.58140664912,1999-12-01
sp3,26,3,,6,4.92086463524298,,2004-11-01
sp3,26,3,3,7,4.95905516544665,,2009-10-18
sp3,26,3,3,8,4.93389567610553,,2014-09-24
sp3,26,3,3,9,4.81939012316609,,2019-07-20
sp3,26,4,,1,,53.0838627845817,1980-01-01
sp3,26,4,,2,4.92029731874388,63.1990050571041,1984-12-02
sp3,26,4,,3,4.9438833831734,63.1990050571041,1989-11-12
sp3,26,4,,4,5.08879175111921,72.8641993240875,1994-12-15
sp3,26,4,,5,4.96244148427679,84.5644534044138,1999-12-01
sp3,26,4,,6,4.92086463524298,84.5644534044138,2004-11-01
sp3,26,4,4,7,4.95905516544665,90.7835274306592,2009-10-18
sp3,26,4,4,8,4.93389567610553,103.027259458714,2014-09-24
sp3,26,4,4,9,4.81939012316609,111.461001153273,2019-07-20
sp3,27,1,,1,,8.57351983464654,1980-01-01
sp3,27,1,,2,5.01381650672917,15.6166158013029,1985-01-05
sp3,27,1,,3,4.93648870027257,18.5762162820636,1989-12-13
sp3,27,1,,4,4.88179414450081,29.0834459887207,1994-10-31
sp3,27,1,,5,5.1407682846509,38.3453650505945,1999-12-22
sp3,27,1,,6,5.01000399594671,40.1937909187392,2004-12-25
sp3,27,1,1,7,4.85054594881438,49.4835021703011,2009-11-01
sp3,27,1,1,8,5.20936018775715,65.5727565575132,2015-01-16
sp3,27,1,1,9,4.90396608254727,73.6517829547295,2019-12-13
sp3,27,2,,1,,20.4654058437753,1980-01-01
sp3,27,2,,2,5.01381650672917,30.8400655533816,1985-01-05
sp3,27,2,,3,4.93648870027257,33.9191557855165,1989-12-13
sp3,27,2,,4,4.88179414450081,44.4911059049583,1994-10-31
sp3,27,2,,5,5.1407682846509,56.0796804852885,1999-12-22
sp3,27,2,,6,5.01000399594671,56.0796804852885,2004-12-25
sp3,27,2,2,7,4.85054594881438,62.2297989436431,2009-11-01
sp3,27,2,2,8,5.20936018775715,76.1669698916637,2015-01-16
sp3,27,2,2,9,4.90396608254727,82.6488658217899,2019-12-13
sp3,27,3,,1,,,1980-01-01
sp3,27,3,,2,5.01381650672917,,1985-01-05
sp3,27,3,,3,4.93648870027257,,1989-12-13
sp3,27,3,,4,4.88179414450081,,1994-10-31
sp3,27,3,,5,5.1407682846509,,1999-12-22
sp3,27,3,,6,5.01000399594671,0.434162886956018,2004-12-25
sp3,27,3,3,7,4.85054594881438,3.62875045343686,2009-11-01
sp3,27,3,3,8,5.20936018775715,9.60868537964604,2015-01-16
sp3,27,3,3,9,4.90396608254727,12.1402966329103,2019-12-13
sp3,27,4,,1,,6.90036954679171,1980-01-01
sp3,27,4,,2,5.01381650672917,15.6756769356745,1985-01-05
sp3,27,4,,3,4.93648870027257,19.8763262950869,1989-12-13
sp3,27,4,,4,4.88179414450081,27.2827756885838,1994-10-31
sp3,27,4,,5,5.1407682846509,36.6134424796835,1999-12-22
sp3,27,4,,6,5.01000399594671,40.0981646695913,2004-12-25
sp3,27,4,4,7,4.85054594881438,46.0275292473827,2009-11-01
sp3,27,4,4,8,5.20936018775715,52.5915929492319,2015-01-16
sp3,27,4,4,9,4.90396608254727,52.5915929492319,2019-12-13
sp3,27,5,,1,,8.47646097987494,1980-01-01
sp3,27,5,,2,5.01381650672917,16.1056543620492,1985-01-05
sp3,27,5,,3,4.93648870027257,16.1056543620492,1989-12-13
sp3,27,5,,4,4.88179414450081,25.2754077350492,1994-10-31
sp3,27,5,,5,5.1407682846509,33.7418182468595,1999-12-22
sp3,27,5,,6,5.01000399594671,35.1566242667003,2004-12-25
sp3,27,5,5,7,4.85054594881438,44.7980261704131,2009-11-01
sp3,27,5,5,8,5.20936018775715,47.0286788093554,2015-01-16
sp3,27,5,5,9,4.90396608254727,47.5202583267807,2019-12-13
sp3,28,1,,1,,,1980-01-01
sp3,28,1,,2,5.10420793927503,0.970392171492931,1985-02-07
sp3,28,1,,3,5.11784736033095,0.970392171492931,1990-03-23
sp3,28,1,,4,5.31538660393267,3.42285291322431,1995-07-16
sp3,28,1,,5,5.05902277962504,10.0812533683704,2000-08-06
sp3,28,1,,6,4.86799003699714,10.0812533683704,2005-06-19
sp3,28,1,1,7,4.98313927918011,16.1091312411969,2010-06-13
sp3,28,1,1,8,5.08642124560875,27.2955360269852,2015-07-15
sp3,28,1,1,9,5.18522392650712,27.2955360269852,2020-09-20
sp3,28,2,,1,,23.8409423313238,1980-01-01
sp3,28,2,,2,5.10420793927503,35.0773099519826,1985-02-07
sp3,28,2,,3,5.11784736033095,37.2313544393063,1990-03-23
sp3,28,2,,4,5.31538660393267,48.7765071196239,1995-07-16
sp3,28,2,,5,5.05902277962504,56.4010103102125,2000-08-06
sp3,28,2,,6,4.86799003699714,66.0045280317812,2005-06-19
sp3,28,2,2,7,4.98313927918011,,2010-06-13
sp3,28,2,2,8,5.08642124560875,,2015-07-15
sp3,28,2,2,9,5.18522392650712,,2020-09-20
sp3,28,3,,1,,14.3130035967026,1980-01-01
sp3,28,3,,2,5.10420793927503,21.6227208806775,1985-02-07
sp3,28,3,,3,5.11784736033095,21.6227208806775,1990-03-23
sp3,28,3,,4,5.31538660393267,25.1691947701955,1995-07-16
sp3,28,3,,5,5.05902277962504,39.4582437580817,2000-08-06
sp3,28,3,,6,4.86799003699714,47.8094303776123,2005-06-19
sp3,28,3,3,7,4.98313927918011,51.7936059526842,2010-06-13
sp3,28,3,3,8,5.08642124560875,63.0028505472876,2015-07-15
sp3,28,3,3,9,5.18522392650712,,2020-09-20
sp3,28,4,,1,,,1980-01-01
sp3,28,4,,2,5.10420793927503,0.640517904758424,1985-02-07
sp3,28,4,,3,5.11784736033095,1.30263994719677,1990-03-23
sp3,28,4,,4,5.31538660393267,3.61353310594797,1995-07-16
sp3,28,4,,5,5.05902277962504,10.4290351098781,2000-08-06
sp3,28,4,,6,4.86799003699714,12.1808692640864,2005-06-19
sp3,28,4,4,7,4.98313927918011,18.3563240352759,2010-06-13
sp3,28,4,4,8,5.08642124560875,23.427671706527,2015-07-15
sp3,28,4,4,9,5.18522392650712,24.1351274061508,2020-09-20
sp3,29,1,,1,,13.4203716900837,1980-01-01
sp3,29,1,,2,4.85318834547945,21.2289584718882,1984-11-08
sp3,29,1,,3,4.86012328315973,,1989-09-18
sp3,29,1,,4,5.0891939367864,,1994-10-21
sp3,29,1,,5,5.00697224581139,,1999-10-23
sp3,29,1,,6,5.10466951124008,,2004-11-30
sp3,29,1,1,7,5.07578321337688,,2009-12-28
sp3,29,1,1,8,4.93068711352499,,2014-12-03
sp3,29,1,1,9,5.09300641211481,,2020-01-06
sp3,29,2,,1,,,1980-01-01
sp3,29,2,,2,4.85318834547945,,1984-11-08
sp3,29,2,,3,4.86012328315973,0.680134156006472,1989-09-18
sp3,29,2,,4,5.0891939367864,3.75917264287726,1994-10-21
sp3,29,2,,5,5.00697224581139,7.41858602738623,1999-10-23
sp3,29,2,,6,5.10466951124008,8.26374469211078,2004-11-30
sp3,29,2,2,7,5.07578321337688,12.1872640698664,2009-12-28
sp3,29,2,2,8,4.93068711352499,20.2572428907682,2014-12-03
sp3,29,2,2,9,5.09300641211481,21.1192332978282,2020-01-06
sp3,30,1,,1,,23.1578481869379,1980-01-01
sp3,30,1,,2,4.85061901458132,32.4610980857878,1984-11-07
sp3,30,1,,3,5.05063491182062,35.3868477186085,1989-11-25
sp3,30,1,,4,4.83160754868614,43.1041535102122,1994-09-25
sp3,30,1,,5,5.05074264103364,52.5310955859915,1999-10-14
sp3,30,1,,6,5.20499832536773,52.5310955859915,2004-12-27
sp3,30,1,1,7,5.00246541597564,63.0978686761516,2009-12-28
sp3,30,1,1,8,5.00197055294235,67.8171536400952,2014-12-29
sp3,30,1,1,9,4.94127260011771,67.8171536400952,2019-12-08
sp3,30,2,,1,,10.5266928966176,1980-01-01
sp3,30,2,,2,4.85061901458132,19.1293789680323,1984-11-07
sp3,30,2,,3,5.05063491182062,,1989-11-25
sp3,30,2,,4,4.83160754868614,,1994-09-25
sp3,30,2,,5,5.05074264103364,,1999-10-14
sp3,30,2,,6,5.20499832536773,,2004-12-27
sp3,30,2,2,7,5.00246541597564,,2009-12-28
sp3,30,2,2,8,5.00197055294235,,2014-12-29
sp3,30,2,2,9,4.94127260011771,,2019-12-08
sp3,30,3,,1,,8.70847054755968,1980-01-01
sp3,30,3,,2,4.85061901458132,14.1631711147425,1984-11-07
sp3,30,3,,3,5.05063491182062,16.9217608257189,1989-11-25
sp3,30,3,,4,4.83160754868614,29.0353712320669,1994-09-25
sp3,30,3,,5,5.05074264103364,42.7233577968153,1999-10-14
sp3,30,3,,6,5.20499832536773,47.6778780415028,2004-12-27
sp3,30,3,3,7,5.00246541597564,54.7476204843357,2009-12-28
sp3,30,3,3,8,5.00197055294235,67.7830455763998,2014-12-29
sp3,30,3,3,9,4.94127260011771,67.7830455763998,2019-12-08
sp3,30,4,,1,,3.14847162010328,1980-01-01
sp3,30,4,,2,4.85061901458132,9.34466068163798,1984-11-07
sp3,30,4,,3,5.05063491182062,11.1496529711562,1989-11-25
sp3,30,4,,4,4.83160754868614,19.4546355559963,1994-09-25
sp3,30,4,,5,5.05074264103364,26.8172426276025,1999-10-14
sp3,30,4,,6,5.20499832536773,26.8172426276025,2004-12-27
sp3,30,4,4,7,5.00246541597564,35.1854318994272,2009-12-28
sp3,30,4,4,8,5.00197055294235,40.1605989218843,2014-12-29
sp3,30,4,4,9,4.94127260011771,42.1537103830954,2019-12-08
sp3,30,5,,1,,34.6037561342721,1980-01-01
sp3,30,5,,2,4.85061901458132,,1984-11-07
sp3,30,5,,3,5.05063491182062,,1989-11-25
sp3,30,5,,4,4.83160754868614,,1994-09-25
sp3,30,5,,5,5.05074264103364,,1999-10-14
sp3,30,5,,6,5.20499832536773,,2004-12-27
sp3,30,5,5,7,5.00246541597564,,2009-12-28
sp3,30,5,5,8,5.00197055294235,,2014-12-29
sp3,30,5,5,9,4.94127260011771,,2019-12-08
sp3,31,1,,1,,,1980-01-01
sp3,31,1,,2,4.8373453048656,,1984-11-02
sp3,31,1,,3,4.9493360565084,,1989-10-15
sp3,31,1,,4,4.98502011771588,,1994-10-09
sp3,31,1,,5,5.0224624047339,,1999-10-18
sp3,31,1,,6,4.99874076834801,0.232472528879285,2004-10-17
sp3,31,1,1,7,4.90730560127514,1.92993803333377,2009-09-13
sp3,31,1,1,8,4.98452549935481,4.9508850429457,2014-09-08
sp3,31,1,1,9,4.97787625652817,6.48795994783421,2019-08-31
sp3,31,2,,1,,,1980-01-01
sp3,31,2,,2,4.8373453048656,0.781114369119051,1984-11-02
sp3,31,2,,3,4.9493360565084,2.32820467010072,1989-10-15
sp3,31,2,,4,4.98502011771588,7.31995349609734,1994-10-09
sp3,31,2,,5,5.0224624047339,15.9459580520599,1999-10-18
sp3,31,2,,6,4.99874076834801,17.7948181476034,2004-10-17
sp3,31,2,2,7,4.90730560127514,26.9244500432287,2009-09-13
sp3,31,2,2,8,4.98452549935481,36.2744039573875,2014-09-08
sp3,31,2,2,9,4.97787625652817,40.0622056929833,2019-08-31
sp3,31,3,,1,,29.1056353621479,1980-01-01
sp3,31,3,,2,4.8373453048656,,1984-11-02
sp3,31,3,,3,4.9493360565084,,1989-10-15
sp3,31,3,,4,4.98502011771588,,1994-10-09
sp3,31,3,,5,5.0224624047339,,1999-10-18
sp3,31,3,,6,4.99874076834801,,2004-10-17
sp3,31,3,3,7,4.90730560127514,,2009-09-13
sp3,31,3,3,8,4.98452549935481,,2014-09-08
sp3,31,3,3,9,4.97787625652817,,2019-08-31
sp3,32,1,,1,,5.98488011922602,1980-01-01
sp3,32,1,,2,5.16119679085627,12.0081258461433,1985-02-28
sp3,32,1,,3,5.03259864019083,14.627364426368,1990-03-12
sp3,32,1,,4,4.88857687958608,20.4118186435017,1995-01-31
sp3,32,1,,5,5.05474987102663,25.209124912833,2000-02-20
sp3,32,1,,6,5.15093387270723,25.209124912833,2005-04-15
sp3,32,1,1,7,4.97602822082443,29.0286006352198,2010-04-07
sp3,32,1,1,8,5.11480695559501,39.4867579667329,2015-05-19
sp3,32,1,1,9,5.13277904128662,,2020-07-06
sp3,32,2,,1,,,1980-01-01
sp3,32,2,,2,5.16119679085627,,1985-02-28
sp3,32,2,,3,5.03259864019083,0.597248750032428,1990-03-12
sp3,32,2,,4,4.88857687958608,2.72462488301181,1995-01-31
sp3,32,2,,5,5.05474987102663,8.08499714239889,2000-02-20
sp3,32,2,,6,5.15093387270723,8.72107900465219,2005-04-15
sp3,32,2,2,7,4.97602822082443,13.0181007847424,2010-04-07
sp3,32,2,2,8,5.11480695559501,24.7845209453865,2015-05-19
sp3,32,2,2,9,5.13277904128662,24.7845209453865,2020-07-06
sp3,32,3,,1,,14.9213079652515,1980-01-01
sp3,32,3,,2,5.16119679085627,25.4929085318325,1985-02-28
sp3,32,3,,3,5.03259864019083,25.4929085318325,1990-03-12
sp3,32,3,,4,4.88857687958608,,1995-01-31
sp3,32,3,,5,5.05474987102663,,2000-02-20
sp3,32,3,,6,5.15093387270723,,2005-04-15
sp3,32,3,3,7,4.97602822082443,,2010-04-07
sp3,32,3,3,8,5.11480695559501,,2015-05-19
sp3,32,3,3,9,5.13277904128662,,2020-07-06
sp3,32,4,,1,,15.6881403448335,1980-01-01
sp3,32,4,,2,5.16119679085627,29.0013229097594,1985-02-28
sp3,32,4,,3,5.03259864019083,29.0013229097594,1990-03-12
sp3,32,4,,4,4.88857687958608,37.8949356609649,1995-01-31
sp3,32,4,,5,5.05474987102663,43.4313393634008,2000-02-20
sp3,32,4,,6,5.15093387270723,43.4313393634008,2005-04-15
sp3,32,4,4,7,4.97602822082443,52.992867506517,2010-04-07
sp3,32,4,4,8,5.11480695559501,66.8324290699409,2015-05-19
sp3,32,4,4,9,5.13277904128662,66.8324290699409,2020-07-06
sp3,32,5,,1,,,1980-01-01
sp3,32,5,,2,5.16119679085627,0.929191744248261,1985-02-28
sp3,32,5,,3,5.03259864019083,1.03091388782111,1990-03-12
sp3,32,5,,4,4.88857687958608,5.51277462558858,1995-01-31
sp3,32,5,,5,5.05474987102663,12.9832703235009,2000-02-20
sp3,32,5,,6,5.15093387270723,12.9832703235009,2005-04-15
sp3,32,5,5,7,4.97602822082443,22.6021639547394,2010-04-07
sp3,32,5,5,8,5.11480695559501,31.082969029573,2015-05-19
sp3,32,5,5,9,5.13277904128662,31.082969029573,2020-07-06
sp3,33,1,,1,,,1980-01-01
sp3,33,1,,2,4.88893038310226,,1984-11-21
sp3,33,1,,3,4.9184327359048,,1989-10-22
sp3,33,1,,4,4.89517458774256,,1994-09-14
sp3,33,1,,5,5.06059445697212,,1999-10-06
sp3,33,1,,6,5.00239335204534,,2004-10-07
sp3,33,1,1,7,5.04827163627844,0.870350642710884,2009-10-24
sp3,33,1,1,8,4.93026265674398,4.65196280275848,2014-09-29
sp3,33,1,1,9,5.02288142892116,5.89072050117511,2019-10-08
sp3,33,2,,1,,9.01014629416086,1980-01-01
sp3,33,2,,2,4.88893038310226,16.3314081277389,1984-11-21
sp3,33,2,,3,4.9184327359048,18.4885091468383,1989-10-22
sp3,33,2,,4,4.89517458774256,22.8828573851896,1994-09-14
sp3,33,2,,5,5.06059445697212,34.822151456815,1999-10-06
sp3,33,2,,6,5.00239335204534,34.822151456815,2004-10-07
sp3,33,2,2,7,5.04827163627844,44.6990803968254,2009-10-24
sp3,33,2,2,8,4.93026265674398,56.0598892863662,2014-09-29
sp3,33,2,2,9,5.02288142892116,61.5311468549828,2019-10-08
sp3,33,3,,1,,,1980-01-01
sp3,33,3,,2,4.88893038310226,,1984-11-21
sp3,33,3,,3,4.9184327359048,,1989-10-22
sp3,33,3,,4,4.89517458774256,,1994-09-14
sp3,33,3,,5,5.06059445697212,,1999-10-06
sp3,33,3,,6,5.00239335204534,0.474709094190474,2004-10-07
sp3,33,3,3,7,5.04827163627844,1.49021755228601,2009-10-24
sp3,33,3,3,8,4.93026265674398,5.56614152806699,2014-09-29
sp3,33,3,3,9,5.02288142892116,5.56614152806699,2019-10-08
sp3,33,4,,1,,,1980-01-01
sp3,33,4,,2,4.88893038310226,,1984-11-21
sp3,33,4,,3,4.9184327359048,,1989-10-22
sp3,33,4,,4,4.89517458774256,,1994-09-14
sp3,33,4,,5,5.06059445697212,0.511988214175871,1999-10-06
sp3,33,4,,6,5.00239335204534,0.689783350235417,2004-10-07
sp3,33,4,4,7,5.04827163627844,3.07904137147818,2009-10-24
sp3,33,4,4,8,4.93026265674398,7.99081831107338,2014-09-29
sp3,33,4,4,9,5.02288142892116,10.9874739324555,2019-10-08
sp3,34,1,,1,,8.92742109662721,1980-01-01
sp3,34,1,,2,5.15953531101196,17.2420699485892,1985-02-28
sp3,34,1,,3,5.10569455496696,17.2420699485892,1990-04-07
sp3,34,1,,4,4.89472213619173,22.594847882519,1995-02-28
sp3,34,1,,5,4.91033055501586,38.3024248945826,2000-01-27
sp3,34,1,,6,4.90989068361514,38.3024248945826,2004-12-24
sp3,34,1,1,7,5.0144748214968,41.6460536436068,2009-12-30
sp3,34,1,1,8,5.02231479001085,44.3103397004276,2015-01-07
sp3,34,1,1,9,4.94928635603769,45.6353441729466,2019-12-20
sp3,34,2,,1,,,1980-01-01
sp3,34,2,,2,5.15953531101196,,1985-02-28
sp3,34,2,,3,5.10569455496696,,1990-04-07
sp3,34,2,,4,4.89472213619173,,1995-02-28
sp3,34,2,,5,4.91033055501586,0.850434432181876,2000-01-27
sp3,34,2,,6,4.90989068361514,2.37600822175779,2004-12-24
sp3,34,2,2,7,5.0144748214968,7.05259504646012,2009-12-30
sp3,34,2,2,8,5.02231479001085,13.6794540492606,2015-01-07
sp3,34,2,2,9,4.94928635603769,14.4419997848627,2019-12-20
sp3,35,1,,1,,,1980-01-01
sp3,35,1,,2,4.83128387527854,,1984-10-31
sp3,35,1,,3,4.9039809882617,,1989-09-26
sp3,35,1,,4,5.09238133136978,,1994-10-30
sp3,35,1,,5,5.22672434154318,,2000-01-21
sp3,35,1,,6,4.97040273848502,,2005-01-09
sp3,35,1,1,7,4.96749118552043,0.306128355698672,2009-12-29
sp3,35,1,1,8,4.98485348473909,0.6227054589997,2014-12-23
sp3,35,1,1,9,4.99250439450415,1.16042431491184,2019-12-21
sp3,35,2,,1,,9.39012469793996,1980-01-01
sp3,35,2,,2,4.83128387527854,,1984-10-31
sp3,35,2,,3,4.9039809882617,,1989-09-26
sp3,35,2,,4,5.09238133136978,,1994-10-30
sp3,35,2,,5,5.22672434154318,,2000-01-21
sp3,35,2,,6,4.97040273848502,,2005-01-09
sp3,35,2,2,7,4.96749118552043,,2009-12-29
sp3,35,2,2,8,4.98485348473909,,2014-12-23
sp3,35,2,2,9,4.99250439450415,,2019-12-21
sp3,36,1,,1,,,1980-01-01
sp3,36,1,,2,5.04158240955977,0.926121741029434,1985-01-15
sp3,36,1,,3,5.00741595731572,0.926121741029434,1990-01-18
sp3,36,1,,4,5.20537740385416,4.49520138604459,1995-04-04
sp3,36,1,,5,4.9588710702254,9.70270997281266,2000-03-19
sp3,36,1,,6,4.96000905180673,13.4971267566874,2005-03-05
sp3,36,1,1,7,4.97373921113314,23.6495962393056,2010-02-23
sp3,36,1,1,8,5.02368900851573,32.9062947476334,2015-03-04
sp3,36,1,1,9,5.11546760476057,34.7055061573193,2020-04-15
sp3,36,2,,1,,8.79876742807697,1980-01-01
sp3,36,2,,2,5.04158240955977,18.5589946667393,1985-01-15
sp3,36,2,,3,5.00741595731572,,1990-01-18
sp3,36,2,,4,5.20537740385416,,1995-04-04
sp3,36,2,,5,4.9588710702254,,2000-03-19
sp3,36,2,,6,4.96000905180673,,2005-03-05
sp3,36,2,2,7,4.97373921113314,,2010-02-23
sp3,36,2,2,8,5.02368900851573,,2015-03-04
sp3,36,2,2,9,5.11546760476057,,2020-04-15
sp3,37,1,,1,,15.9681310033458,1980-01-01
sp3,37,1,,2,4.96223363692638,23.2263528845508,1984-12-17
sp3,37,1,,3,4.9821450238344,23.2263528845508,1989-12-11
sp3,37,1,,4,5.02861165385522,,1994-12-22
sp3,37,1,,5,4.93359399380039,,1999-11-28
sp3,37,1,,6,4.98652899728235,,2004-11-22
sp3,37,1,1,7,4.86417655416123,,2009-10-04
sp3,37,1,1,8,4.83385729250221,,2014-08-04
sp3,37,1,1,9,5.09495445355184,,2019-09-08
sp3,37,2,,1,,14.8682877863853,1980-01-01
sp3,37,2,,2,4.96223363692638,24.7750652121305,1984-12-17
sp3,37,2,,3,4.9821450238344,27.2546602681853,1989-12-11
sp3,37,2,,4,5.02861165385522,37.7404987368212,1994-12-22
sp3,37,2,,5,4.93359399380039,46.585076681707,1999-11-28
sp3,37,2,,6,4.98652899728235,46.6471749619086,2004-11-22
sp3,37,2,2,7,4.86417655416123,47.7863181282023,2009-10-04
sp3,37,2,2,8,4.83385729250221,60.1539610887131,2014-08-04
sp3,37,2,2,9,5.09495445355184,,2019-09-08
sp3,37,3,,1,,51.5879941841885,1980-01-01
sp3,37,3,,2,4.96223363692638,60.9223949813098,1984-12-17
sp3,37,3,,3,4.9821450238344,,1989-12-11
sp3,37,3,,4,5.02861165385522,,1994-12-22
sp3,37,3,,5,4.93359399380039,,1999-11-28
sp3,37,3,,6,4.98652899728235,,2004-11-22
sp3,37,3,3,7,4.86417655416123,,2009-10-04
sp3,37,3,3,8,4.83385729250221,,2014-08-04
sp3,37,3,3,9,5.09495445355184,,2019-09-08
sp3,37,4,,1,,,1980-01-01
sp3,37,4,,2,4.96223363692638,,1984-12-17
sp3,37,4,,3,4.9821450238344,,1989-12-11
sp3,37,4,,4,5.02861165385522,0.520636709563457,1994-12-22
sp3,37,4,,5,4.93359399380039,2.01260383368533,1999-11-28
sp3,37,4,,6,4.98652899728235,3.20518177021413,2004-11-22
sp3,37,4,4,7,4.86417655416123,6.34461838781835,2009-10-04
sp3,37,4,4,8,4.83385729250221,13.1626660344963,2014-08-04
sp3,37,4,4,9,5.09495445355184,13.1626660344963,2019-09-08
sp3,37,5,,1,,13.5233052484336,1980-01-01
sp3,37,5,,2,4.96223363692638,22.3105592537317,1984-12-17
sp3,37,5,,3,4.9821450238344,24.5176609151115,1989-12-11
sp3,37,5,,4,5.02861165385522,36.9057297068241,1994-12-22
sp3,37,5,,5,4.93359399380039,44.7065408664941,1999-11-28
sp3,37,5,,6,4.98652899728235,44.7065408664941,2004-11-22
sp3,37,5,5,7,4.86417655416123,54.1649677852525,2009-10-04
sp3,37,5,5,8,4.83385729250221,,2014-08-04
sp3,37,5,5,9,5.09495445355184,,2019-09-08
sp3,38,1,,1,,25.2348482752908,1980-01-01
sp3,38,1,,2,4.94510403171191,31.899895446016,1984-12-11
sp3,38,1,,3,5.12294902765425,34.4011226963959,1990-01-25
sp3,38,1,,4,5.00274028501258,,1995-01-27
sp3,38,1,,5,4.79076532559391,,1999-11-11
sp3,38,1,,6,5.128834900912,,2004-12-28
sp3,38,1,1,7,5.19952658775413,,2010-03-11
sp3,38,1,1,8,4.96131461587665,,2015-02-25
sp3,38,1,1,9,5.03541132395945,,2020-03-09
sp3,38,2,,1,,,1980-01-01
sp3,38,2,,2,4.94510403171191,,1984-12-11
sp3,38,2,,3,5.12294902765425,,1990-01-25
sp3,38,2,,4,5.00274028501258,,1995-01-27
sp3,38,2,,5,4.79076532559391,0.905412970667758,1999-11-11
sp3,38,2,,6,5.128834900912,1.46423748999101,2004-12-28
sp3,38,2,2,7,5.19952658775413,5.0128978574568,2010-03-11
sp3,38,2,2,8,4.96131461587665,13.4173496444759,2015-02-25
sp3,38,2,2,9,5.03541132395945,13.7264948274074,2020-03-09
sp3,38,3,,1,,2.27097949464243,1980-01-01
sp3,38,3,,2,4.94510403171191,6.06787063756681,1984-12-11
sp3,38,3,,3,5.12294902765425,6.33997475438276,1990-01-25
sp3,38,3,,4,5.00274028501258,13.9926245872174,1995-01-27
sp3,38,3,,5,4.79076532559391,20.0981647539495,1999-11-11
sp3,38,3,,6,5.128834900912,,2004-12-28
sp3,38,3,3,7,5.19952658775413,,2010-03-11
sp3,38,3,3,8,4.96131461587665,,2015-02-25
sp3,38,3,3,9,5.03541132395945,,2020-03-09
