Species,Tag,OriginalStemID,TrueStemID,CensusID,BirthCensus,DeathCensus,DBH_true,DBH,AnnualGrowth,YearFactor,ObsSD
sp1,1,1,,1,1,9,15.4034724487588,15.2549984995912,0.82632361690532,1,0.185901529182305
sp1,1,1,,2,1,9,19.5350905332854,19.4285384491393,1.87360766232307,1.7,0.211517561306369
sp1,1,1,,3,1,9,28.9031288449008,29.5274127586687,0.751450676149544,1,0.269599398838385
sp1,1,1,,4,1,9,32.6603822256485,32.4576380718229,0.849065404342931,1,0.292894369799021
sp1,1,1,,5,1,9,36.9057092473631,37.0631943135798,1.98573307774822,1.7,0.319215397333651
sp1,1,1,,6,1,9,46.8343746361042,46.8124415448476,1.46858684207091,1,0.380773122743846
sp1,1,1,1,7,1,9,54.1773088464588,54.2571826119444,1.0727068675724,1,0.426299314848045
sp1,1,1,1,8,1,9,59.5408431843208,59.9225865777389,1.77282193243752,1.7,0.459553227742789
sp1,1,1,1,9,1,9,68.4049528465084,68.5308112549385,,1,0.514510707648352
sp1,1,2,,1,4,9,,,,1,
sp1,1,2,,2,4,9,,,,1.7,
sp1,1,2,,3,4,9,,,,1,
sp1,1,2,,4,4,9,0.227324148251326,,0.151701556530246,1,
sp1,1,2,,5,4,9,0.985831930902554,,0.695636112721573,1.7,
sp1,1,2,,6,4,9,4.46401249451042,4.43391769137975,0.880341108357699,1,0.118076877465965
sp1,1,2,2,7,4,9,8.86571803629891,8.87000896807615,0.660326278506592,1,0.145367451825053
sp1,1,2,2,8,4,9,12.1673494288319,14.9247797407046,1.46946050424139,1.7,4.64
sp1,1,2,2,9,4,9,19.5146519500388,19.5271525830373,,1,0.211390842090241
sp1,1,3,,1,1,4,8.94982496784967,9.04362969868699,0.735391544298199,1,0.145888914800668
sp1,1,3,,2,1,4,12.6267826893407,12.668924715731,1.8010201728265,1.7,0.168686052673912
sp1,1,3,,3,1,4,21.6318835534732,21.6127218713861,0.998127671780451,1,0.224517678031534
sp1,1,3,,4,1,4,26.6225219123754,26.3177488693848,0.776460242346621,1,0.255459635856728
sp1,1,3,,5,1,4,,,,1.7,
sp1,1,3,,6,1,4,,,,1,
sp1,1,3,,7,1,4,,,,1,
sp1,1,3,,8,1,4,,,,1.7,
sp1,1,3,,9,1,4,,,,1,
sp1,1,4,,1,1,9,2.8763265050449,3.85538515084044,0.709490155185956,1,4.64
sp1,1,4,,2,1,9,6.42377728097468,6.51894053289584,1.30059144676822,1.7,0.130227419142043
sp1,1,4,,3,1,9,12.9267345148158,12.9411935779543,0.636356795068663,1,0.170545753991858
sp1,1,4,,4,1,9,16.1085184901591,15.8888864624904,1.50588190608841,1,0.190272814638986
sp1,1,4,,5,1,9,23.6379280206011,23.5576328926621,1.79062534518632,1.7,0.236955153727727
sp1,1,4,,6,1,9,32.5910547465327,33.0766208988663,0.783020427370996,1,0.292464539428503
sp1,1,4,4,7,1,9,36.5061568833877,36.7969642828271,1.44409762398512,1,0.316738172677004
sp1,1,4,4,8,1,9,43.7266450033133,43.1173056734402,1.40883027889618,1.7,0.361505199020543
sp1,1,4,4,9,1,9,50.7707963977942,50.7465493172323,,1,0.405178937666324
sp1,1,5,,1,1,4,6.12688503997549,5.05646953067482,0.607377464499835,1,4.64
sp1,1,5,,2,1,4,9.16377236247466,9.11002567757112,1.00285054541707,1.7,0.147215388647343
sp1,1,5,,3,1,4,14.17802508956,14.206111127935,0.904463238824336,1,0.178303755555272
sp1,1,5,,4,1,4,18.7003412836817,18.8583853592534,0.961514929200561,1,0.206342115958827
sp1,1,5,,5,1,4,,,,1.7,
sp1,1,5,,6,1,4,,,,1,
sp1,1,5,,7,1,4,,,,1,
sp1,1,5,,8,1,4,,,,1.7,
sp1,1,5,,9,1,4,,,,1,
sp1,2,1,,1,1,8,27.64501741544,27.3403140412826,1.62967928103053,1,0.261799107975728
sp1,2,1,,2,1,8,35.7934138205926,36.3416743469262,1.88074489237123,1.7,0.312319165687674
sp1,2,1,,3,1,8,45.1971382824488,45.7344061547296,2.35099150470176,1,0.370622257351183
sp1,2,1,,4,1,8,56.9520958059576,56.7530539058398,1.02606030217629,1,0.443502993996937
sp1,2,1,,5,1,8,62.0823973168391,62.1489728208697,2.75475821477784,1.7,0.475310863364402
sp1,2,1,,6,1,8,75.8561883907283,75.6466795250048,1.46849243798211,1,0.560708368022515
sp1,2,1,1,7,1,8,83.1986505806388,82.4672720549149,1.08946927312805,1,0.606231633599961
sp1,2,1,1,8,1,8,88.6459969462791,76.2973516225528,1.94559740156133,1.7,4.64
sp1,2,1,,9,1,8,,,,1,
sp1,2,2,,1,1,9,5.59762636998884,5.68697275661302,0.916201926497605,1,0.125105283493931
sp1,2,2,,2,1,9,10.1786360024769,10.3437926346653,1.28184784331088,1.7,0.153507543215357
sp1,2,2,,3,1,9,16.5878752190312,17.0226288333352,0.648707329147728,1,0.193244826357994
sp1,2,2,,4,1,9,19.8314118647699,19.8736327647259,0.7032969626305,1,0.213354753561573
sp1,2,2,,5,1,9,23.3478966779224,23.2125529556733,2.27034532483023,1.7,0.235156959403119
sp1,2,2,,6,1,9,34.6996233020736,34.675998865565,1.62686860005253,1,0.305537664472856
sp1,2,2,2,7,1,9,42.8339663023362,42.254474697191,0.917961784084662,1,0.355970591074484
sp1,2,2,2,8,1,9,47.4237752227595,47.4737212438687,1.37256067678092,1.7,0.384427406381109
sp1,2,2,2,9,1,9,54.2865786066641,54.1048260597587,,1,0.426976787361317
sp1,2,3,,1,1,9,6.73271233246849,6.9512815018265,0.673290515884941,1,0.132142816461305
sp1,2,3,,2,1,9,10.0991649118932,9.79881078364862,1.39613164185561,1.7,0.153014822453738
sp1,2,3,,3,1,9,17.0798231211712,17.2282467053724,1.26003002676638,1,0.196294903351262
sp1,2,3,,4,1,9,23.3799732550031,23.3833667702711,0.110073502485615,1,0.23535583418102
sp1,2,3,,5,1,9,23.9303407674312,24.1561470676361,2.06592033985243,1.7,0.238768112758074
sp1,2,3,,6,1,9,34.2599424666934,34.2300221047425,1.20008709705572,1,0.302811643293499
sp1,2,3,3,7,1,9,40.260377951972,39.3288222120972,1.07004678487394,1,0.340014343302226
sp1,2,3,3,8,1,9,45.6106118763417,45.7674640483274,1.99507904789736,1.7,0.373185793633318
sp1,2,3,3,9,1,9,55.5860071158285,55.491004876919,,1,0.435033244118137
sp1,2,4,,1,4,9,,,,1,
sp1,2,4,,2,4,9,,,,1.7,
sp1,2,4,,3,4,9,,,,1,
sp1,2,4,,4,4,9,0.9133739356708,,0.238236910345234,1,
sp1,2,4,,5,4,9,2.10455848739697,2.11009558149737,0.907913860866934,1.7,0.103448262621861
sp1,2,4,,6,4,9,6.64412779173164,6.74481447156069,0.638580265896174,1,0.131593592308736
sp1,2,4,4,7,4,9,9.83702912121251,9.8823240988163,0.721799999515574,1,0.151389580551518
sp1,2,4,4,8,4,9,13.4460291187904,13.3387088832768,1.58354896057584,1.7,0.1737653805365
sp1,2,4,4,9,4,9,21.3637739216696,21.4869655586193,,1,0.222855398314351
sp1,2,5,,1,1,8,17.5413433138261,17.4252795880071,0.765031913795874,1,0.199156328545722
sp1,2,5,,2,1,8,21.3665028828054,21.7397074818851,1.4797699089918,1.7,0.222872317873394
sp1,2,5,,3,1,8,28.7653524277644,29.019175795759,0.850972360911128,1,0.26874518505214
sp1,2,5,,4,1,8,33.0202142323201,33.4327452134924,1.14081690769602,1,0.295125328240384
sp1,2,5,,5,1,8,38.7242987708002,38.9578150623224,1.16259459838484,1.7,0.330490652378961
sp1,2,5,,6,1,8,44.5372717627244,44.2915106827917,0.277269945678281,1,0.366531084928891
sp1,2,5,5,7,1,8,45.9236214911158,45.5672970223094,0.290804175985553,1,0.375126453244918
sp1,2,5,5,8,1,8,47.3776423710436,48.0310086031926,1.5588489483303,1.7,0.38414138270047
sp1,2,5,,9,1,8,,,,1,
sp1,3,1,,1,1,9,6.68914541511358,6.58850472987346,0.788670194819864,1,0.131872701573704
sp1,3,1,,2,1,9,10.6324963892129,10.6193743756301,1.21696691692756,1.7,0.15632147761312
sp1,3,1,,3,1,9,16.7173309738507,16.5671653425925,0.96409855237524,1,0.194047452037874
sp1,3,1,,4,1,9,21.5378237357269,21.4012247254849,0.804610821647199,1,0.223934507161507
sp1,3,1,,5,1,9,25.5608778439629,25.1799942887005,1.63573055189622,1.7,0.24887744263257
sp1,3,1,,6,1,9,33.7395306034439,30.6135499322253,0.950571537546404,1,4.64
sp1,3,1,1,7,1,9,38.492388291176,38.1816993231971,0.834920182237729,1,0.329052807405291
sp1,3,1,1,8,1,9,42.6669892023646,38.6727350114644,1.52011023935087,1.7,4.64
sp1,3,1,1,9,1,9,50.267540399119,51.0683070628282,,1,0.402058750474538
sp1,3,2,,1,1,9,13.5502522054911,13.6539265446265,1.02769678402854,1,0.174411563674045
sp1,3,2,,2,1,9,18.6887361256338,18.6907069471468,1.3846559027163,1.7,0.206270163978929
sp1,3,2,,3,1,9,25.6120156392153,25.9151803986312,1.01514966425242,1,0.249194496963135
sp1,3,2,,4,1,9,30.6877639604774,31.1727954433196,0.957667497872602,1,0.28066413655496
sp1,3,2,,5,1,9,35.4761014498404,35.6339905526832,1.7168880102652,1.7,0.31035182898901
sp1,3,2,,6,1,9,44.0605415011663,41.9947789407078,1.36805414323317,1,4.64
sp1,3,2,2,7,1,9,50.9008122173322,51.5614285314376,1.97327189723926,1,0.405985035747459
sp1,3,2,2,8,1,9,60.7671717035285,60.7142873486353,3.53460267015141,1.7,0.467156464561877
sp1,3,2,2,9,1,9,78.4401850542855,78.0114571379055,,1,0.57672914733657
sp1,4,1,,1,1,9,6.57347456055344,6.56142937710683,0.427582499075912,1,0.131155542275431
sp1,4,1,,2,1,9,8.711387055933,8.58403984903493,1.16814949773168,1.7,0.144410599746785
sp1,4,1,,3,1,9,14.5521345445914,14.7548416389498,0.750203437883941,1,0.180623234176467
sp1,4,1,,4,1,9,18.3031517340111,18.2247986663607,1.0613188466987,1,0.203879540750869
sp1,4,1,,5,1,9,23.6097459675046,23.6450899051779,1.79228072720027,1.7,0.236780424998529
sp1,4,1,,6,1,9,32.5711496035059,32.8490459291372,0.853812725925451,1,0.292341127541737
sp1,4,1,1,7,1,9,36.8402132331332,36.4230740710755,0.758753381129016,1,0.318809322045426
sp1,4,1,1,8,1,9,40.6339801387783,40.297278020556,1.76958238816622,1.7,0.342330676860425
sp1,4,1,1,9,1,9,49.4818920796094,49.7595855102624,,1,0.397187730893578
sp1,4,2,,1,8,9,,,,1,
sp1,4,2,,2,8,9,,,,1.7,
sp1,4,2,,3,8,9,,,,1,
sp1,4,2,,4,8,9,,,,1,
sp1,4,2,,5,8,9,,,,1.7,
sp1,4,2,,6,8,9,,,,1,
sp1,4,2,,7,8,9,,,,1,
sp1,4,2,,8,8,9,0.956647024927636,,0.694467735707964,1.7,
sp1,4,2,2,9,8,9,4.42898570346746,4.23112620609831,,1,0.117859711361498
sp1,5,1,,1,1,9,10.250172028249,9.94867862718794,1.28016965549899,1,0.153951066575144
sp1,5,1,,2,1,9,16.651020305744,16.8151487511138,1.57806280274391,1.7,0.193636325895613
sp1,5,1,,3,1,9,24.5413343194635,24.5970731464733,0.913124765844774,1,0.242556272780674
sp1,5,1,,4,1,9,29.1069581486874,29.1001419321341,0.862191666120363,1,0.270863140521862
sp1,5,1,,5,1,9,33.4179164792892,33.3777316804734,1.65665281950854,1.7,0.297591082171593
sp1,5,1,,6,1,9,41.7011805768319,41.5951596978618,0.990341077012309,1,0.348947319576358
sp1,5,1,1,7,1,9,46.6528859618934,46.3157662039919,1.43643800345533,1,0.379647892963739
sp1,5,1,1,8,1,9,53.8350759791701,55.3879659334355,1.99614720327635,1.7,4.64
sp1,5,1,1,9,1,9,63.8158119955519,64.6588980348811,,1,0.486058034372421
sp1,5,2,,1,1,9,2.5298915748245,2.62029778865079,0.748952105452955,1,0.106085327763912
sp1,5,2,,2,1,9,6.27465210208928,6.39803221605886,1.50685900093188,1.7,0.129302843032954
sp1,5,2,,3,1,9,13.8089471067487,13.4679767520664,0.946485013093197,1,0.176015472061842
sp1,5,2,,4,1,9,18.5413721722147,18.2858725980203,0.28883415459215,1,0.205356507467731
sp1,5,2,,5,1,9,19.9855429451754,19.5941269042701,2.17228442674976,1.7,0.214310366260087
sp1,5,2,,6,1,9,30.8469650789242,31.2639894974008,0.888814099370752,1,0.28165118348933
sp1,5,2,2,7,1,9,35.291035575778,35.5567738077455,1.01594070999155,1,0.309204420569823
sp1,5,2,2,8,1,9,40.3707391257357,40.24790596948,1.85180920173243,1.7,0.340698582579561
sp1,5,2,2,9,1,9,49.6297851343979,49.8015313628135,,1,0.398104667833267
sp1,5,3,,1,1,9,10.9233110662927,10.7612451058247,1.30668363654321,1,0.158124528611015
sp1,5,3,,2,1,9,17.4567292490087,17.3358121050631,1.68378225604988,1.7,0.198631721343854
sp1,5,3,,3,1,9,25.8756405292581,25.7096654030194,1.08335172221468,1,0.2508289712814
sp1,5,3,,4,1,9,31.2923991403315,31.4196080856102,1.49049375821631,1,0.284412874670055
sp1,5,3,,5,1,9,38.7448679314131,39.3886873698622,1.6740822225445,1.7,0.330618181174761
sp1,5,3,,6,1,9,47.1152790441356,46.654035812035,1.01536604585186,1,0.38251473007364
sp1,5,3,3,7,1,9,52.1921092733949,52.9589900490487,1.0475525720917,1,0.413991077495048
sp1,5,3,3,8,1,9,57.4298721338533,57.9635064145642,2.03689232979484,1.7,0.446465207229891
sp1,5,3,3,9,1,9,67.6143337828276,66.4144576408646,,1,0.509608869453531
sp1,5,4,,1,1,9,14.5917522658086,14.6951933364236,0.659886434683815,1,0.180868864048013
sp1,5,4,,2,1,9,17.8911844392276,16.5989089834682,1.67195706775278,1.7,4.64
sp1,5,4,,3,1,9,26.2509697779915,26.23402812702,1.22967394227641,1,0.253156012623547
sp1,5,4,,4,1,9,32.3993394893736,32.2011448220473,1.10575143889759,1,0.291275904834116
sp1,5,4,,5,1,9,37.9280966838615,38.228812922828,1.8161187137138,1.7,0.325554199439941
sp1,5,4,,6,1,9,47.0086902524305,46.9020300142089,1.70003448103984,1,0.381853879565069
sp1,5,4,4,7,1,9,55.5088626576298,55.4616482279937,1.88185691955067,1,0.434554948477304
sp1,5,4,4,8,1,9,64.9181472553831,65.7979789199563,1.42602462485824,1.7,0.492892512983375
sp1,5,4,4,9,1,9,72.0482703796743,71.8637735792404,,1,0.537099276353981
sp1,5,5,,1,1,9,2.0437930773261,2.04298917064234,0.496575122304034,1,0.103071517079422
sp1,5,5,,2,1,9,4.52666868884627,4.54558973228063,1.17663616969948,1.7,0.118465345870847
sp1,5,5,,3,1,9,10.4098495373436,16.9327688035672,1.03419456302871,1,4.64
sp1,5,5,,4,1,9,15.5808223524872,15.7338410620464,1.0739794628082,1,0.18700109858542
sp1,5,5,,5,1,9,20.9507196665282,20.8531957431549,1.83110748506701,1.7,0.220294461932475
sp1,5,5,,6,1,9,30.1062570918633,30.0308919202952,1.4369026156548,1,0.277058793969552
sp1,5,5,5,7,1,9,37.2907701701373,37.3391930164702,1.02360735367046,1,0.321602775054851
sp1,5,5,5,8,1,9,42.4088069384896,41.4936981724372,2.1152292070056,1.7,0.353334603018635
sp1,5,5,5,9,1,9,52.9849529735176,52.9371235251439,,1,0.418906708435809
sp1,6,1,,1,1,9,15.7677135246104,15.695304662786,0.586530261052727,1,0.188159823852584
sp1,6,1,,2,1,9,18.700364829874,18.5911978297162,1.26448284132128,1.7,0.206342261945219
sp1,6,1,,3,1,9,25.0227790364804,25.4175596796534,1.37330011912455,1,0.245541230026179
sp1,6,1,,4,1,9,31.8892796321032,31.7547104247729,1.25636775995282,1,0.28811353371904
sp1,6,1,,5,1,9,38.1711184318673,38.5583814305598,1.45045118932139,1.7,0.327060934277577
sp1,6,1,,6,1,9,45.4233743784743,45.3279993765002,0.958067447146755,1,0.372024921146541
sp1,6,1,1,7,1,9,50.2137116142081,51.2521274729291,2.59941875176268,1,0.40172501200809
sp1,6,1,1,8,1,9,63.2108053730215,63.1007512738929,3.07283094478843,1.7,0.482306993312733
sp1,6,1,1,9,1,9,78.5749600969636,77.9880111587471,,1,0.577564752601174
sp1,6,2,,1,1,9,49.4383094034164,49.5658354194255,1.94969486884639,1,0.396917518301182
sp1,6,2,,2,1,9,59.1867837476483,59.1422822395949,2.57424358715521,1.7,0.45735805923542
sp1,6,2,,3,1,9,72.0580016834244,72.135164294803,1.18260045309821,1,0.537159610437231
sp1,6,2,,4,1,9,77.9710039489154,78.5061863598871,1.70177284471854,1,0.573820224483276
sp1,6,2,,5,1,9,86.4798681725081,86.4782853606023,1.74482957501752,1.7,0.62657518266955
sp1,6,2,,6,1,9,95.2040160475957,96.2667522455021,0.877391695547791,1,0.680664899495093
sp1,6,2,2,7,1,9,99.5909745253346,98.4267814299872,1.06759940698578,1,0.707864042057075
sp1,6,2,2,8,1,9,104.928971560264,105.372094613537,0.989918723369149,1.7,0.740959623673634
sp1,6,2,2,9,1,9,109.878565177109,110.595744123093,,1,0.771647104098078
sp1,7,1,,1,7,9,,,,1,
sp1,7,1,,2,7,9,,,,1.7,
sp1,7,1,,3,7,9,,,,1,
sp1,7,1,,4,7,9,,,,1,
sp1,7,1,,5,7,9,,,,1.7,
sp1,7,1,,6,7,9,,,,1,
sp1,7,1,,7,7,9,0.967823989579797,,0.303022919804046,1,
sp1,7,1,1,8,7,9,2.48293858860003,2.5274963735718,1.10426149850388,1.7,0.10579421924932
sp1,7,1,1,9,7,9,8.00424608111943,8.16949265329112,,1,0.140026325702941
sp1,7,2,,1,1,9,24.5631325155851,24.5541475203764,0.696159649127786,1,0.242691421596627
sp1,7,2,,2,1,9,28.043930761224,28.7041603923103,1.55552515172333,1.7,0.264272370719589
sp1,7,2,,3,1,9,35.8215565198406,35.7473173021094,0.322103201766697,1,0.312493650423012
sp1,7,2,,4,1,9,37.4320725286741,37.7230997490859,0.918114715922924,1,0.32247884967778
sp1,7,2,,5,1,9,42.0226461082887,41.2347758546207,2.55680616061631,1.7,0.35094040587139
sp1,7,2,,6,1,9,54.8066769113703,54.3296615207324,0.555212009311434,1,0.430201396850496
sp1,7,2,2,7,1,9,57.5827369579275,57.5870115568389,0.169603260462508,1,0.44741296913915
sp1,7,2,2,8,1,9,58.43075326024,58.1215472470126,1.09968573178741,1.7,0.452670670213488
sp1,7,2,2,9,1,9,63.9291819191771,64.004906739256,,1,0.486760927898898
sp1,8,1,,1,2,9,,,,1,
sp1,8,1,,2,2,9,0.481662063708913,,0.492725826981148,1.7,
sp1,8,1,,3,2,9,2.94529119861465,3.05829133103956,0.719594910979679,1,0.108660805431411
sp1,8,1,,4,2,9,6.54326575351304,6.75053822765395,0.894024511722261,1,0.130968247671781
sp1,8,1,,5,2,9,11.0133883121243,10.8444935818345,1.4416376051542,1.7,0.158683007535171
sp1,8,1,,6,2,9,18.2215763378953,17.8931693179918,0.97732795371088,1,0.203373773294951
sp1,8,1,1,7,2,9,23.1082161064498,23.3469208264913,0.639511608426403,1,0.233670939859988
sp1,8,1,1,8,2,9,26.3057741485818,26.3729537629509,2.02228994691584,1.7,0.253495799721207
sp1,8,1,1,9,2,9,36.4172238831609,36.550573299494,,1,0.316186788075598
sp1,8,2,,1,6,9,,,,1,
sp1,8,2,,2,6,9,,,,1.7,
sp1,8,2,,3,6,9,,,,1,
sp1,8,2,,4,6,9,,,,1,
sp1,8,2,,5,6,9,,,,1.7,
sp1,8,2,,6,6,9,0.970887023559171,,0.508472805318576,1,
sp1,8,2,2,7,6,9,3.51325105015205,3.70838095137956,0.735021438343281,1,0.112182156510943
sp1,8,2,2,8,6,9,7.18835824186845,6.91829824646783,1.35638688160226,1.7,0.134967821099584
sp1,8,2,2,9,6,9,13.9702926498797,14.0203497563213,,1,0.177015814429254
sp1,8,3,,1,1,9,20.2511247507594,19.8090226763676,0.707653334278049,1,0.215956973454708
sp1,8,3,,2,1,9,23.7893914221496,23.5975762870542,1.8680028624624,1.7,0.237894226817328
sp1,8,3,,3,1,9,33.1294057344616,33.0561905782099,1.5105607182696,1,0.295802315553662
sp1,8,3,,4,1,9,40.6822093258096,40.8416474258587,0.602366256629892,1,0.34262969782002
sp1,8,3,,5,1,9,43.6940406089591,43.4537878605471,2.11716122208503,1.7,0.361303051775546
sp1,8,3,,6,1,9,54.2798467193842,53.9221448971455,1.00476961727081,1,0.426935049660182
sp1,8,3,3,7,1,9,59.3036948057383,58.8209462965697,1.29188665793157,1,0.458082907795577
sp1,8,3,3,8,1,9,65.7631280953961,66.2977817985286,3.00481598490209,1.7,0.498131394191456
sp1,8,3,3,9,1,9,80.7872080199066,81.3479258987635,,1,0.591280689723421
sp1,9,1,,1,1,6,5.72124162803948,5.64499901211581,0.96696707912951,1,0.125871698093845
sp1,9,1,,2,1,6,10.556077023687,10.5590340880188,1.89161255040198,1.7,0.15584767754686
sp1,9,1,,3,1,6,20.0141397756969,20.2680926490765,0.951160137137785,1,0.214487666609321
sp1,9,1,,4,1,6,24.7699404613858,24.7859096373174,0.64379365872046,1,0.243973630860592
sp1,9,1,,5,1,6,27.9889087549881,28.1096532385253,1.39866395100453,1.7,0.263931234280927
sp1,9,1,,6,1,6,34.9822285100108,34.8391205158905,0.706120795127278,1,0.307289816762067
sp1,9,1,,7,1,6,,,,1,
sp1,9,1,,8,1,6,,,,1.7,
sp1,9,1,,9,1,6,,,,1,
sp1,9,2,,1,1,9,15.0993218327783,14.917206389289,0.528899912548189,1,0.184015795363225
sp1,9,2,,2,1,9,17.7438213955192,18.1866957922221,1.78023550902364,1.7,0.200411692652219
sp1,9,2,,3,1,9,26.6449989406374,26.8417048160334,1.35025262710061,1,0.255598993431952
sp1,9,2,,4,1,9,33.3962620761405,33.5754040767516,0.191267564618067,1,0.297456824872071
sp1,9,2,,5,1,9,34.3525998992308,33.7927469493915,1.67401546092566,1.7,0.303386119375231
sp1,9,2,,6,1,9,42.7226772038592,42.1734106350026,1.83084314419009,1,0.355280598663927
sp1,9,2,2,7,1,9,51.8768929248096,51.5785810168622,2.32486904206959,1,0.41203673613382
sp1,9,2,2,8,1,9,63.5012381351576,64.1786391943163,0.491558258975049,1.7,0.484107676437977
sp1,9,2,2,9,1,9,65.9590294300329,66.8391138320331,,1,0.499345982466204
sp1,9,3,,1,1,9,4.93796798750339,5.1625361620388,0.727662506675611,1,0.121015401522521
sp1,9,3,,2,1,9,8.57628052088144,8.43964585973751,1.61899405800402,1.7,0.143572939229465
sp1,9,3,,3,1,9,16.6712508109016,16.542904433615,1.14556091950698,1,0.19376175502759
sp1,9,3,,4,1,9,22.3990554084365,22.1490479566542,0.707317638732971,1,0.229274143532306
sp1,9,3,,5,1,9,25.9356436021013,26.0386738927403,2.24354070639926,1.7,0.251200990333028
sp1,9,3,,6,1,9,37.1533471340976,37.2862961556566,0.7057565785535,1,0.320750752231405
sp1,9,3,3,7,1,9,40.6821300268651,40.7086777077533,1.14200280125086,1,0.342629206166564
sp1,9,3,3,8,1,9,46.3921440331194,45.9699197972405,2.00990997211921,1.7,0.37803129300534
sp1,9,3,3,9,1,9,56.4416938937155,57.20148820622,,1,0.440338502141036
sp1,9,4,,1,1,5,1.3098148462234,1.41408795046884,0.440987572142143,1,0.0985208520465851
sp1,9,4,,2,1,5,3.51475270693412,3.54858542517675,1.05448256703682,1.7,0.112191466782992
sp1,9,4,,3,1,5,8.78716554211821,8.79843898736085,0.996512985928232,1,0.144880426361133
sp1,9,4,,4,1,5,13.7697304717594,13.8685688472844,0.775623305105274,1,0.175772328924908
sp1,9,4,,5,1,5,17.6478469972857,17.6971115725641,2.00753030064485,1.7,0.199816651383172
sp1,9,4,,6,1,5,,,,1,
sp1,9,4,,7,1,5,,,,1,
sp1,9,4,,8,1,5,,,,1.7,
sp1,9,4,,9,1,5,,,,1,
sp1,9,5,,1,3,8,,,,1,
sp1,9,5,,2,3,8,,,,1.7,
sp1,9,5,,3,3,8,0.784350215619361,,0.370844598509429,1,
sp1,9,5,,4,3,8,2.63857320816651,2.69493658100006,0.695145086102411,1,0.106759153890632
sp1,9,5,,5,3,8,6.11429863867856,5.81820435050886,1.38569598157103,1.7,0.128308651559807
sp1,9,5,,6,3,8,13.0427785465337,13.0288159496912,0.931399473497936,1,0.171265226988509
sp1,9,5,5,7,3,8,17.6997759140234,17.7795091952016,1.49027203819254,1,0.200138610666945
sp1,9,5,5,8,3,8,25.1511361049861,19.0684059083022,1.74187331146185,1.7,4.64
sp1,9,5,,9,3,8,,,,1,
sp1,10,1,,1,8,9,,,,1,
sp1,10,1,,2,8,9,,,,1.7,
sp1,10,1,,3,8,9,,,,1,
sp1,10,1,,4,8,9,,,,1,
sp1,10,1,,5,8,9,,,,1.7,
sp1,10,1,,6,8,9,,,,1,
sp1,10,1,,7,8,9,,,,1,
sp1,10,1,,8,8,9,0.924299309069403,,0.668644219810657,1.7,
sp1,10,1,1,9,8,9,4.26752040812269,4.10603104337801,,1,0.116858626530361
sp1,10,2,,1,1,4,7.61451779283841,7.63002985313185,0.762059807490494,1,0.137610010315598
sp1,10,2,,2,1,4,11.4248168302909,11.5071228196247,1.27686295159112,1.7,0.161233864347803
sp1,10,2,,3,1,4,17.8091315882465,17.625400385364,0.399818417826329,1,0.200816615847128
sp1,10,2,,4,1,4,19.8082236773781,19.8191017201998,0.957536587993455,1,0.213210986799744
sp1,10,2,,5,1,4,,,,1.7,
sp1,10,2,,6,1,4,,,,1,
sp1,10,2,,7,1,4,,,,1,
sp1,10,2,,8,1,4,,,,1.7,
sp1,10,2,,9,1,4,,,,1,
sp1,10,3,,1,1,9,14.2310348206066,14.2559501235396,1.15418632502004,1,0.178632415887761
sp1,10,3,,2,1,9,20.0019664457068,20.0213424548099,1.457230797945,1.7,0.214412191963382
sp1,10,3,,3,1,9,27.2881204354318,27.5162621544785,0.891351610074633,1,0.259586346699677
sp1,10,3,,4,1,9,31.744878485805,31.4905771734084,1.53997620862194,1,0.287218246611991
sp1,10,3,,5,1,9,39.4447595289147,40.2281163183112,2.05805370023116,1.7,0.334957509079271
sp1,10,3,,6,1,9,49.7350280300705,49.6020960474768,0.628888538581551,1,0.398757173786437
sp1,10,3,3,7,1,9,52.8794707229783,52.995738205601,0.716032192532162,1,0.418252718482465
sp1,10,3,3,8,1,9,56.4596316856391,56.812260566119,1.27261200447208,1.7,0.440449716450962
sp1,10,3,3,9,1,9,62.8226917079994,61.7886627128794,,1,0.479900688589597
sp1,10,4,,1,1,9,5.62009661186451,5.83169643675978,0.787254137588894,1,0.12524459899356
sp1,10,4,,2,1,9,9.55636729980898,9.37434001837605,1.45911116442913,1.7,0.149649477258816
sp1,10,4,,3,1,9,16.8519231219546,17.0220657137777,1.12205205313688,1,0.194881923356119
sp1,10,4,,4,1,9,22.462183387639,22.5405587948941,0.992311616013942,1,0.229665537003362
sp1,10,4,,5,1,9,27.4237414677087,27.3223659483098,1.97665978145581,1.7,0.260427197099794
sp1,10,4,,6,1,9,37.3070403749878,36.7934109159061,0.689768651801916,1,0.321703650324924
sp1,10,4,4,7,1,9,40.7558836339974,43.4485390291283,0.633833486498516,1,4.64
sp1,10,4,4,8,1,9,43.92505106649,44.5117808657897,1.52238030887197,1.7,0.362735316612238
sp1,10,4,4,9,1,9,51.5369526108498,51.8013356850564,,1,0.409929106187269
sp2,11,1,,1,1,9,1.36439842457961,1.49022349846889,0.567244241043241,1,0.0988592702323936
sp2,11,1,,2,1,9,4.20061962979582,4.36451691165981,0.861724411154606,1,0.116443841704734
sp2,11,1,,3,1,9,8.50924168556885,8.67131413686799,0.837228715272199,1,0.143157298450527
sp2,11,1,,4,1,9,12.6953852619298,12.8877669706519,1.38596598992065,1,0.169111388623965
sp2,11,1,,5,1,9,19.6252152115331,19.8534752953725,1.46352975365217,1,0.212076334311505
sp2,11,1,,6,1,9,26.9428639797939,26.9476481203183,1.98429124146172,1,0.257445756674722
sp2,11,1,1,7,1,9,36.8643201871025,28.424328405029,1.05022716513315,1,4.64
sp2,11,1,1,8,1,9,42.1154560127683,41.857421205983,0.742342613761633,1,0.351515827279163
sp2,11,1,1,9,1,9,45.8271690815764,46.2207973867932,,1,0.374528448305774
sp2,11,2,,1,5,9,,,,1,
sp2,11,2,,2,5,9,,,,1,
sp2,11,2,,3,5,9,,,,1,
sp2,11,2,,4,5,9,,,,1,
sp2,11,2,,5,5,9,0.628453281468626,,0.374546013528038,1,
sp2,11,2,,6,5,9,2.50118334910882,2.51594658732682,0.510193538467929,1,0.105907336764475
sp2,11,2,2,7,5,9,5.05215104144846,5.1383148091195,0.91857499948532,1,0.12172333645698
sp2,11,2,2,8,5,9,9.64502603887506,9.56080245275539,1.86013192772475,1,0.150199161441025
sp2,11,2,2,9,5,9,18.9456856774988,18.9446074784517,,1,0.207863251200493
sp2,11,3,,1,6,9,,,,1,
sp2,11,3,,2,6,9,,,,1,
sp2,11,3,,3,6,9,,,,1,
sp2,11,3,,4,6,9,,,,1,
sp2,11,3,,5,6,9,,,,1,
sp2,11,3,,6,6,9,0.923312612440811,,0.380104154992076,1,
sp2,11,3,3,7,6,9,2.82383338740119,2.85369156821665,1.08264729052849,1,0.107907767001887
sp2,11,3,3,8,6,9,8.23706984004365,8.59604005834392,1.17738526720229,1,0.141469833008271
sp2,11,3,3,9,6,9,14.1239961760551,13.9639937471376,,1,0.177968776291542
sp2,11,4,,1,1,1,16.8220894834069,16.6655968547233,1.40231433168112,1,0.194696954797123
sp2,11,4,,2,1,1,,,,1,
sp2,11,4,,3,1,1,,,,1,
sp2,11,4,,4,1,1,,,,1,
sp2,11,4,,5,1,1,,,,1,
sp2,11,4,,6,1,1,,,,1,
sp2,11,4,,7,1,1,,,,1,
sp2,11,4,,8,1,1,,,,1,
sp2,11,4,,9,1,1,,,,1,
sp2,11,5,,1,1,7,3.60053263805225,3.46017455979048,1.01198003395513,1,0.112723302355924
sp2,11,5,,2,1,7,8.6604328078279,8.92278651472588,1.19572254342433,1,0.144094683408533
sp2,11,5,,3,1,7,14.6390455249495,22.0705931012852,1.90738016266358,1,4.64
sp2,11,5,,4,1,7,24.1759463382675,24.0898947223388,1.02772645794682,1,0.240290867297258
sp2,11,5,,5,1,7,29.3145786280016,29.5945152962569,1.07321022954139,1,0.27215038749361
sp2,11,5,,6,1,7,34.6806297757085,34.6160082964581,1.25469503728996,1,0.305419904609393
sp2,11,5,5,7,1,7,40.9541049621583,41.0325190697456,1.35802695231388,1,0.344315450765382
sp2,11,5,,8,1,7,,,,1,
sp2,11,5,,9,1,7,,,,1,
sp2,12,1,,1,1,9,4.93481658755713,4.78311219680156,0.74370271827866,1,0.120995862842854
sp2,12,1,,2,1,9,8.65333017895043,8.67992531659997,1.27469262574443,1,0.144050647109493
sp2,12,1,,3,1,9,15.0267933076726,14.9782492934098,0.856962229837466,1,0.18356611850757
sp2,12,1,,4,1,9,19.3116044568599,19.2415148697211,1.18648007886093,1,0.210131947632531
sp2,12,1,,5,1,9,25.2440048511645,25.0685327537316,1.54853857545584,1,0.24691283007722
sp2,12,1,,6,1,9,32.9866977284437,32.590531608176,1.56508577797235,1,0.294917525916351
sp2,12,1,1,7,1,9,40.8121266183055,40.2892080719896,1.68315902347035,1,0.343435185033494
sp2,12,1,1,8,1,9,49.2279217356572,49.1166785080575,1.69627240945432,1,0.395613114761075
sp2,12,1,1,9,1,9,57.7092837829288,58.0125886334632,,1,0.448197559454159
sp2,12,2,,1,6,9,,,,1,
sp2,12,2,,2,6,9,,,,1,
sp2,12,2,,3,6,9,,,,1,
sp2,12,2,,4,6,9,,,,1,
sp2,12,2,,5,6,9,,,,1,
sp2,12,2,,6,6,9,0.516594425955173,,0.346389679757492,1,
sp2,12,2,2,7,6,9,2.24854282474263,2.13969663102248,0.459238749557747,1,0.104340965513404
sp2,12,2,2,8,6,9,4.54473657253137,4.71125182768311,0.899474602523203,1,0.118577366749694
sp2,12,2,2,9,6,9,9.04210958514738,9.11065762995714,,1,0.146461079427914
sp2,12,3,,1,1,9,11.1615934814429,11.2618995808256,0.885708444552001,1,0.159601879584946
sp2,12,3,,2,1,9,15.5901357042029,15.69392018048,1.27222817243259,1,0.187058841366058
sp2,12,3,,3,1,9,21.9512765663658,21.6513100051362,1.22656097182427,1,0.226497914711468
sp2,12,3,,4,1,9,28.0840814254872,27.7794513167726,1.33314212720869,1,0.264521304838021
sp2,12,3,,5,1,9,34.7497920615307,35.119841480513,1.34587759636027,1,0.30584871078149
sp2,12,3,,6,1,9,41.479180043332,41.0977436890525,2.38920829413822,1,0.347570916268659
sp2,12,3,3,7,1,9,53.4252215140231,53.7200753567387,0.789859023820566,1,0.421636373386943
sp2,12,3,3,8,1,9,57.374516633126,57.4159207663371,1.71947864959558,1,0.446122003125381
sp2,12,3,3,9,1,9,65.9719098811039,66.3616868051696,,1,0.499425841262844
sp2,13,1,,1,8,9,,,,1,
sp2,13,1,,2,8,9,,,,1,
sp2,13,1,,3,8,9,,,,1,
sp2,13,1,,4,8,9,,,,1,
sp2,13,1,,5,8,9,,,,1,
sp2,13,1,,6,8,9,,,,1,
sp2,13,1,,7,8,9,,,,1,
sp2,13,1,,8,8,9,0.680587474301354,,0.391479517170365,1,
sp2,13,1,1,9,8,9,2.63798506015318,2.68585507140944,,1,0.10675550737295
sp2,13,2,,1,1,9,5.50448193199181,5.40024734992924,0.771095953462727,1,0.124527787978349
sp2,13,2,,2,1,9,9.35996169930544,9.28915245730812,1.12415114067933,1,0.148431762535694
sp2,13,2,,3,1,9,14.9807174027021,15.4028107457996,0.874490383867881,1,0.183280447896753
sp2,13,2,,4,1,9,19.3531693220415,19.4178480737199,1.8481876642811,1,0.210389649796657
sp2,13,2,,5,1,9,28.594107643447,28.5910532119548,1.52103791984405,1,0.267683467389371
sp2,13,2,,6,1,9,36.1992972426672,36.4628879887011,1.01778322170541,1,0.314835642904537
sp2,13,2,2,7,1,9,41.2882133511943,41.4344121927376,1.03882751322017,1,0.346386922777404
sp2,13,2,2,8,1,9,46.4823509172951,45.8910283633665,1.7709479972511,1,0.37859057568723
sp2,13,2,2,9,1,9,55.3370909035506,55.0455308504013,,1,0.433489963602014
sp2,13,3,,1,5,5,,,,1,
sp2,13,3,,2,5,5,,,,1,
sp2,13,3,,3,5,5,,,,1,
sp2,13,3,,4,5,5,,,,1,
sp2,13,3,,5,5,5,0.649166407485514,,0.374879954372189,1,
sp2,13,3,,6,5,5,,,,1,
sp2,13,3,,7,5,5,,,,1,
sp2,13,3,,8,5,5,,,,1,
sp2,13,3,,9,5,5,,,,1,
sp2,13,4,,1,1,9,24.4812657904725,24.1720914720461,0.73858576427867,1,0.24218384790093
sp2,13,4,,2,1,9,28.1741946118659,28.3063216971192,1.44643581871871,1,0.265080006593568
sp2,13,4,,3,1,9,35.4063737054594,35.1790506926868,2.01343229337228,1,0.309919516973848
sp2,13,4,,4,1,9,45.4735351723208,45.4832196292532,1.45460382333756,1,0.372335918068389
sp2,13,4,,5,1,9,52.7465542890086,52.7355448557952,1.11194018289829,1,0.417428636591853
sp2,13,4,,6,1,9,58.3062552035001,57.9328397449748,1.82908607172311,1,0.4518987822617
sp2,13,4,4,7,1,9,67.4516855621156,67.0400712262386,3.4751022038186,1,0.508600450485117
sp2,13,4,4,8,1,9,84.8271965812086,85.3401222576403,0,1,0.616328618803494
sp2,13,4,4,9,1,9,84.8271965812086,85.6214336016091,,1,0.616328618803494
sp2,14,1,,1,6,9,,,,1,
sp2,14,1,,2,6,9,,,,1,
sp2,14,1,,3,6,9,,,,1,
sp2,14,1,,4,6,9,,,,1,
sp2,14,1,,5,6,9,,,,1,
sp2,14,1,,6,6,9,0.670863154184918,,0.2936548160882,1,
sp2,14,1,1,7,6,9,2.13913723462592,2.24785997797788,0.853610292285908,1,0.103662650854681
sp2,14,1,1,8,6,9,6.40718869605546,6.3339445252911,0.920061629221235,1,0.130124569915544
sp2,14,1,1,9,6,9,11.0074968421616,11.0558899281864,,1,0.158646480421402
sp2,14,2,,1,1,9,8.87040693851314,9.00667616209274,1.22494718403696,1,0.145396523018781
sp2,14,2,,2,1,9,14.9951428586979,14.953390993062,0.90347697391886,1,0.183369885723927
sp2,14,2,,3,1,9,19.5125277282922,19.7864342790631,1.92992027625768,1,0.211377671915412
sp2,14,2,,4,1,9,29.1621291095806,29.2303130330774,1.98588709457725,1,0.2712052004794
sp2,14,2,,5,1,9,39.0915645824669,39.0248333108745,0.440662508567022,1,0.332767700411295
sp2,14,2,,6,1,9,41.294877125302,40.8964745339836,1.06075857561617,1,0.346428238176872
sp2,14,2,2,7,1,9,46.5986700033828,46.5276075398746,0,1,0.379311754020974
sp2,14,2,2,8,1,9,46.5986700033828,46.6446770253155,1.51787403556933,1,0.379311754020974
sp2,14,2,2,9,1,9,54.1880401812295,54.3013956591239,,1,0.426365849123623
sp2,15,1,,1,1,9,13.0648207057378,13.0577155678957,1.03665645649687,1,0.171401888375575
sp2,15,1,,2,1,9,18.2481029882222,18.1606803247248,1.2247248080131,1,0.203538238526978
sp2,15,1,,3,1,9,24.3717270282877,24.2639746463635,0.606271138754493,1,0.241504707575384
sp2,15,1,,4,1,9,27.4030827220601,27.1878944610468,1.1353369455213,1,0.260299112876773
sp2,15,1,,5,1,9,33.0797674496666,32.7487214978875,1.24542078283199,1,0.295494558187933
sp2,15,1,,6,1,9,39.3068713638266,39.3255056407742,0.606406063917801,1,0.334102602455725
sp2,15,1,1,7,1,9,42.3389016834156,42.7688098662936,1.50222607428691,1,0.352901190437176
sp2,15,1,1,8,1,9,49.8500320548501,50.308704827157,1.14202453583707,1,0.399470198740071
sp2,15,1,1,9,1,9,55.5601547340355,55.0642094188772,,1,0.43487295935102
sp2,15,2,,1,1,7,13.8823487165302,12.8501791458911,0.843692351258274,1,4.64
sp2,15,2,,2,1,7,18.1008104728215,18.1938210047153,2.09960336448354,1,0.202625024931494
sp2,15,2,,3,1,7,28.5988272952392,28.6384388141618,1.2350315775355,1,0.267712729230483
sp2,15,2,,4,1,7,34.7739851829167,34.4392153708764,2.38065058792658,1,0.305998708134084
sp2,15,2,,5,1,7,46.6772381225496,46.7968523350604,2.02754427701866,1,0.379798876359808
sp2,15,2,,6,1,7,56.8149595076429,56.6579086534978,1.42876798368278,1,0.442652748947386
sp2,15,2,2,7,1,7,63.9587994260568,64.2274261824586,3.316481840561,1,0.486944556441552
sp2,15,2,,8,1,7,,,,1,
sp2,15,2,,9,1,7,,,,1,
sp2,15,3,,1,4,9,,,,1,
sp2,15,3,,2,4,9,,,,1,
sp2,15,3,,3,4,9,,,,1,
sp2,15,3,,4,4,9,0.959248696957834,,0.713995573957449,1,
sp2,15,3,,5,4,9,4.52922656674508,4.42543561789123,0.852756364646955,1,0.11848120471382
sp2,15,3,,6,4,9,8.79300838997986,8.78829298519386,0.891283475029463,1,0.144916652017875
sp2,15,3,3,7,4,9,13.2494257651272,13.3557146338368,1.06641945116996,1,0.172546439743788
sp2,15,3,3,8,4,9,18.581523020977,18.7168197682843,0.97960688009464,1,0.205605442730057
sp2,15,3,3,9,4,9,23.4795574214502,23.3284902799331,,1,0.235973256012991
sp2,16,1,,1,1,9,28.9566075486014,28.6842368981815,1.27369361767346,1,0.269930966801328
sp2,16,1,,2,1,9,35.3250756369686,34.2313113694524,1.76952127082178,1,4.64
sp2,16,1,,3,1,9,44.1726819910775,44.3487000948915,0.891343917942977,1,0.364270628344681
sp2,16,1,,4,1,9,48.6294015807924,59.7810547408821,1.6936277437754,1,4.64
sp2,16,1,,5,1,9,57.0975402996695,56.8101734314685,2.16254924148379,1,0.444404749857951
sp2,16,1,,6,1,9,67.9102865070884,68.8195848401401,1.12674253824334,1,0.511443776343948
sp2,16,1,1,7,1,9,73.5439991983051,73.796806891761,0,1,0.546372795029492
sp2,16,1,1,8,1,9,73.5439991983051,74.0405765298536,2.30196780510577,1,0.546372795029492
sp2,16,1,1,9,1,9,85.053838223834,85.2767228071623,,1,0.617733796987771
sp2,16,2,,1,1,8,9.65731171935774,9.65302951140821,1.26088894933649,1,0.150275332660018
sp2,16,2,,2,1,8,15.9617564660402,15.8957793381814,1.71409971008812,1,0.189362890089449
sp2,16,2,,3,1,8,24.5322550164808,24.4040110181399,0.955988836845108,1,0.242499981102181
sp2,16,2,,4,1,8,29.3121992007063,29.1326698603496,1.78606687058316,1,4.64
sp2,16,2,,5,1,8,38.2425335536221,42.4202511709167,1.71437655107745,1,4.64
sp2,16,2,,6,1,8,46.8144163090094,47.0493349254524,1.2144036204465,1,0.380649381115858
sp2,16,2,2,7,1,8,52.8864344112419,52.5306527130196,2.12205718248406,1,0.4182958933497
sp2,16,2,2,8,1,8,63.4967203236622,63.2523069817251,1.87296780471734,1,0.484079666006705
sp2,16,2,,9,1,8,,,,1,
sp2,16,3,,1,1,1,5.06615356517722,5.04815094048519,0.847242123846317,1,0.121810152104099
sp2,16,3,,2,1,1,,,,1,
sp2,16,3,,3,1,1,,,,1,
sp2,16,3,,4,1,1,,,,1,
sp2,16,3,,5,1,1,,,,1,
sp2,16,3,,6,1,1,,,,1,
sp2,16,3,,7,1,1,,,,1,
sp2,16,3,,8,1,1,,,,1,
sp2,16,3,,9,1,1,,,,1,
sp2,16,4,,1,1,5,45.0883255263221,44.8086646536049,1.51507660996232,1,0.369947618263197
sp2,16,4,,2,1,5,52.6637085761338,52.5709689173295,1.77530199598848,1,0.416914993172029
sp2,16,4,,3,1,5,61.5402185560762,60.7444152536056,2.92287338620241,1,0.471949355047672
sp2,16,4,,4,1,5,76.1545854870882,76.1769582376684,0.48478209857076,1,0.562558430019947
sp2,16,4,,5,1,5,78.578495979942,78.6533043410169,3.68844079974593,1,0.57758667507564
sp2,16,4,,6,1,5,,,,1,
sp2,16,4,,7,1,5,,,,1,
sp2,16,4,,8,1,5,,,,1,
sp2,16,4,,9,1,5,,,,1,
sp2,16,5,,1,5,9,,,,1,
sp2,16,5,,2,5,9,,,,1,
sp2,16,5,,3,5,9,,,,1,
sp2,16,5,,4,5,9,,,,1,
sp2,16,5,,5,5,9,0.464982044104195,,0.400599127697715,1,
sp2,16,5,,6,5,9,2.46797768259277,2.48304657072685,0.65626384488988,1,0.105701461632075
sp2,16,5,5,7,5,9,5.74929690704217,5.82658537404858,0.945756174856548,1,0.126045640823661
sp2,16,5,5,8,5,9,10.4780777813249,10.4881789172248,1.06904085106113,1,0.155364082244214
sp2,16,5,5,9,5,9,15.8232820366305,15.9274130613987,,1,0.188504348627109
sp2,17,1,,1,1,9,21.2379173111414,21.2099660328127,0.861369437375661,1,0.222075087329076
sp2,17,1,,2,1,9,25.5447644980197,25.4054436060451,1.40719397909034,1,0.248777539887722
sp2,17,1,,3,1,9,32.5807343934713,32.8363427160471,1.56353872793334,1,0.292400553239522
sp2,17,1,,4,1,9,40.3984280331381,40.536192301889,1.69938282647071,1,0.340870253805456
sp2,17,1,,5,1,9,48.8953421654916,49.076258806911,1.16709354313236,1,0.393551121426048
sp2,17,1,,6,1,9,54.7308098811535,54.0679759451152,1.45596706962826,1,0.429731021263151
sp2,17,1,1,7,1,9,62.0106452292948,62.4794191007471,2.60561846367285,1,0.474866000421628
sp2,17,1,1,8,1,9,75.038737547659,75.9113570494754,2.4415806876888,1,0.555640172795486
sp2,17,1,1,9,1,9,87.246640986103,86.5588426126442,,1,0.631329174113839
sp2,17,2,,1,1,9,29.2618769759003,28.8056365337961,2.06590726199117,1,0.271823637250582
sp2,17,2,,2,1,9,39.5914132858561,39.195737838104,1.95929961077892,1,0.335866762372308
sp2,17,2,,3,1,9,49.3879113397507,49.1701354789755,1.97522829725436,1,0.396605050306454
sp2,17,2,,4,1,9,59.2640528260225,59.8986793706626,1.17363847125705,1,0.457837127521339
sp2,17,2,,5,1,9,65.1322451823077,65.846182359619,1.59001959127664,1,0.494219920130308
sp2,17,2,,6,1,9,73.0823431386909,73.1981181644099,4.24555163435242,1,0.543510527459884
sp2,17,2,2,7,1,9,94.310101310453,94.6436073529323,3.90686519502536,1,0.675122628124809
sp2,17,2,2,8,1,9,113.84442728558,113.106142600543,3.59718851388083,1,0.796235449170595
sp2,17,2,2,9,1,9,131.830369854984,129.943739990008,,1,0.9077482931009
sp2,18,1,,1,1,3,10.1944322725603,10.3211626828515,1.16535707759461,1,0.153605480089874
sp2,18,1,,2,1,3,16.0212176605334,15.956930275956,1.48923387443474,1,0.189731549495307
sp2,18,1,,3,1,3,23.4673870327071,23.3070512339509,1.24212662651161,1,0.235897799602784
sp2,18,1,,4,1,3,,,,1,
sp2,18,1,,5,1,3,,,,1,
sp2,18,1,,6,1,3,,,,1,
sp2,18,1,,7,1,3,,,,1,
sp2,18,1,,8,1,3,,,,1,
sp2,18,1,,9,1,3,,,,1,
sp2,18,2,,1,1,9,7.77184674762638,7.71576307979007,1.31324363150537,1,0.138585449835284
sp2,18,2,,2,1,9,14.3380649051532,14.2865747256027,1.32995083536165,1,0.17929600241195
sp2,18,2,,3,1,9,20.9878190819615,20.7912972102506,0.931305578979171,1,0.220524478308161
sp2,18,2,,4,1,9,25.6443469768574,25.9290520386928,1.5843059775558,1,0.249394951256516
sp2,18,2,,5,1,9,33.5658768646364,33.8826821414073,1.88883032851673,1,0.298508436560745
sp2,18,2,,6,1,9,43.01002850722,42.6281106386435,0.942059637841023,1,0.357062176744764
sp2,18,2,2,7,1,9,47.7203266964251,47.7399342677832,1.90201302008161,1,0.386266025517836
sp2,18,2,2,8,1,9,57.2303917968332,57.340141531695,1.01308710441573,1,0.445228429140366
sp2,18,2,2,9,1,9,62.2958273189119,62.9591800796,,1,0.476634129377254
sp2,18,3,,1,6,9,,,,1,
sp2,18,3,,2,6,9,,,,1,
sp2,18,3,,3,6,9,,,,1,
sp2,18,3,,4,6,9,,,,1,
sp2,18,3,,5,6,9,,,,1,
sp2,18,3,,6,6,9,0.210515051582401,,0.191547133848464,1,
sp2,18,3,3,7,6,9,1.16825072082472,1.2223252615573,0.6758886030888,1,0.0976431544691133
sp2,18,3,3,8,6,9,4.54769373626872,4.52974150965815,0.828465102702685,1,0.118595701164866
sp2,18,3,3,9,6,9,8.69001924978214,8.46194149425315,,1,0.144278119348649
sp2,18,4,,1,1,8,16.9792158882374,17.1739032185039,1.58729606101875,1,0.195671138507072
sp2,18,4,,2,1,8,24.9156961933312,24.6234260461583,1.6575131701612,1,0.244877316398653
sp2,18,4,,3,1,8,33.2032620441372,33.0577874543766,1.53285550331725,1,0.296260224673651
sp2,18,4,,4,1,8,40.8675395607234,41.6220064118206,1.24066239773227,1,4.64
sp2,18,4,,5,1,8,47.0708515493848,46.6240430455815,1.19174519067108,1,0.382239279606186
sp2,18,4,,6,1,8,53.0295775027402,53.1422743460038,1.51575341697315,1,0.419183380516989
sp2,18,4,4,7,1,8,60.6083445876059,60.5765751413213,1.5390489547721,1,0.466171736443157
sp2,18,4,4,8,1,8,68.3035893614664,68.031432090834,1.09397982510589,1,0.513882254041091
sp2,18,4,,9,1,8,,,,1,
sp2,18,5,,1,1,8,41.832410633073,42.1384310510731,1.59939090228391,1,0.349760945925053
sp2,18,5,,2,1,8,49.8293651444926,50.2747746554971,3.08511505941328,1,0.399342063895854
sp2,18,5,,3,1,8,65.254940441559,64.9736290142891,1.79228160554403,1,0.494980630737666
sp2,18,5,,4,1,8,74.2163484692792,74.0979140442894,1.82884564616602,1,0.550541360509531
sp2,18,5,,5,1,8,83.3605767001093,83.4438243744912,1.62042508568113,1,0.607235575540677
sp2,18,5,,6,1,8,91.4627021285149,91.6589133031798,2.1691821992589,1,0.657468753196793
sp2,18,5,5,7,1,8,102.308613124809,101.747524820062,0,1,0.724713401373819
sp2,18,5,5,8,1,8,102.308613124809,102.679864876747,2.58635646208254,1,0.724713401373819
sp2,18,5,,9,1,8,,,,1,
sp2,19,1,,1,8,9,,,,1,
sp2,19,1,,2,8,9,,,,1,
sp2,19,1,,3,8,9,,,,1,
sp2,19,1,,4,8,9,,,,1,
sp2,19,1,,5,8,9,,,,1,
sp2,19,1,,6,8,9,,,,1,
sp2,19,1,,7,8,9,,,,1,
sp2,19,1,,8,8,9,0.617988205565007,,0.540043013771783,1,
sp2,19,1,1,9,8,9,3.31820327442392,3.28240323246206,,1,0.110972860301428
sp2,19,2,,1,5,9,,,,1,
sp2,19,2,,2,5,9,,,,1,
sp2,19,2,,3,5,9,,,,1,
sp2,19,2,,4,5,9,,,,1,
sp2,19,2,,5,5,9,0.268934224702815,,0.268542648555494,1,
sp2,19,2,,6,5,9,1.61164746748028,1.66744379464702,0.778084795636272,1,0.100392214298378
sp2,19,2,2,7,5,9,5.50207144566164,5.70262193819025,1.17507118763918,1,0.124512842963102
sp2,19,2,2,8,5,9,11.3774273838576,11.2979717372526,1.32977605244806,1,0.160940049779917
sp2,19,2,2,9,5,9,18.0263076460979,18.0095647539538,,1,0.202163107405807
sp2,19,3,,1,3,9,,,,1,
sp2,19,3,,2,3,9,,,,1,
sp2,19,3,,3,3,9,0.590004678231261,,0.385177116701283,1,
sp2,19,3,,4,3,9,2.51589026173768,2.76720012090659,0.483144968699951,1,0.105998519622774
sp2,19,3,,5,3,9,4.93161510523744,4.7614831508224,1.05147761126702,1,0.120976013652472
sp2,19,3,,6,3,9,10.1890031615725,10.3607619192444,0.966689999317099,1,0.15357181960175
sp2,19,3,3,7,3,9,15.022453158158,15.1788553173099,1.25050990084168,1,0.18353920958058
sp2,19,3,3,8,3,9,21.2750026623664,21.2968045148284,1.23915526806838,1,0.222305016506672
sp2,19,3,3,9,3,9,27.4707790027084,27.858489474647,,1,0.260718829816792
sp2,19,4,,1,5,9,,,,1,
sp2,19,4,,2,5,9,,,,1,
sp2,19,4,,3,5,9,,,,1,
sp2,19,4,,4,5,9,,,,1,
sp2,19,4,,5,5,9,0.976048618329405,,0.540292787214702,1,
sp2,19,4,,6,5,9,3.67751255440292,3.75803307346352,1.22301486217691,1,0.113200577837298
sp2,19,4,4,7,5,9,9.79258686528749,9.69231725554682,1.02901954065681,1,0.151114038564782
sp2,19,4,4,8,5,9,14.9376845685715,15.1942070257791,1.63357428555243,1,0.183013644325143
sp2,19,4,4,9,5,9,23.1055559963337,23.061996499255,,1,0.233654447177269
sp2,19,5,,1,1,9,16.7939920957474,16.7045771922216,1.9227469302984,1,0.194522750993634
sp2,19,5,,2,1,9,26.4077267472394,26.3671812023955,1.4195482404264,1,0.254127905832884
sp2,19,5,,3,1,9,33.5054679493714,33.4873338746361,2.56665236776896,1,0.298133901286103
sp2,19,5,,4,1,9,46.3387297882162,45.658901942157,1.54297601473433,1,4.64
sp2,19,5,,5,1,9,54.0536098618879,54.268206654084,1.8220987426042,1,0.425532381143705
sp2,19,5,,6,1,9,63.1641035749089,62.6930899445718,1.17065000865738,1,0.482017442164435
sp2,19,5,5,7,1,9,69.0173536181958,69.5362208332229,0.573438677411369,1,0.518307592432814
sp2,19,5,5,8,1,9,71.8845470052526,71.8470798798431,1.56813082410035,1,0.536084191432566
sp2,19,5,5,9,1,9,79.7252011257544,79.6475189839005,,1,0.584696246979677
sp2,20,1,,1,6,9,,,,1,
sp2,20,1,,2,6,9,,,,1,
sp2,20,1,,3,6,9,,,,1,
sp2,20,1,,4,6,9,,,,1,
sp2,20,1,,5,6,9,,,,1,
sp2,20,1,,6,6,9,0.894455042466719,,0.37092680992572,1,
sp2,20,1,1,7,6,9,2.74908909209532,5.19987462802454,0.995104988116501,1,4.64
sp2,20,1,1,8,6,9,7.72461403267783,7.64445948926893,0.972494940953296,1,0.138292607002603
sp2,20,1,1,9,6,9,12.5870887374443,12.8066875772929,,1,0.168439950172155
sp2,20,2,,1,4,9,,,,1,
sp2,20,2,,2,4,9,,,,1,
sp2,20,2,,3,4,9,,,,1,
sp2,20,2,,4,4,9,0.54267956388555,,0.50409650997481,1,
sp2,20,2,,5,4,9,3.0631621137596,3.03318594313444,0.615718583717747,1,0.10939160510531
sp2,20,2,,6,4,9,6.14175503234833,6.19390697732714,1.07314707649805,1,0.12847888120056
sp2,20,2,2,7,4,9,11.5074904148386,11.2978634345754,1.43350931180075,1,0.161746440571999
sp2,20,2,2,8,4,9,18.6750369738423,19.0360321088666,1.26210194576601,1,0.206185229237822
sp2,20,2,2,9,4,9,24.9855467026724,25.8033021524421,,1,0.245310389556569
sp2,21,1,,1,6,9,,,,1,
sp2,21,1,,2,6,9,,,,1,
sp2,21,1,,3,6,9,,,,1,
sp2,21,1,,4,6,9,,,,1,
sp2,21,1,,5,6,9,,,,1,
sp2,21,1,,6,6,9,0.863069012905888,,0.426226464268137,1,
sp2,21,1,1,7,6,9,2.99420133424657,2.86713959986825,0.545653844473632,1,0.108964048272329
sp2,21,1,1,8,6,9,5.72247055661474,5.77630329528463,1.15036403763782,1,0.125879317451011
sp2,21,1,1,9,6,9,11.4742907448038,11.3527409940573,,1,0.161540602617784
sp2,21,2,,1,1,8,13.5581386007476,13.624784778426,0.918884582479054,1,0.174460459324635
sp2,21,2,,2,1,8,18.1525615131429,18.3529786310991,2.16342020572541,1,0.202945881381486
sp2,21,2,,3,1,8,28.96966254177,28.8658303643726,1.42878386130389,1,0.270011907758974
sp2,21,2,,4,1,8,36.1135818482894,36.0583937542406,1.49961707859813,1,0.314304207459394
sp2,21,2,,5,1,8,43.61166724128,43.2357227688657,1.33454820018599,1,0.360792336895936
sp2,21,2,,6,1,8,50.28440824221,50.1125694512212,1.65488346717226,1,0.402163331101702
sp2,21,2,2,7,1,8,58.5588255780713,58.3203802419097,0.39862413588424,1,0.453464718584042
sp2,21,2,2,8,1,8,60.5519462574925,60.1628416997421,1.22313515539949,1,0.465822066796453
sp2,21,2,,9,1,8,,,,1,
sp2,21,3,,1,5,9,,,,1,
sp2,21,3,,2,5,9,,,,1,
sp2,21,3,,3,5,9,,,,1,
sp2,21,3,,4,5,9,,,,1,
sp2,21,3,,5,5,9,0.752888470686703,,0.410631640798894,1,
sp2,21,3,,6,5,9,2.80604667468117,2.67556242514106,0.691194113080653,1,0.107797489383023
sp2,21,3,3,7,5,9,6.26201724008444,6.33996219414529,0.874389786504483,1,0.129224506888524
sp2,21,3,3,8,5,9,10.6339661726069,10.7524998366011,0.625899122455079,1,0.156330590270163
sp2,21,3,3,9,5,9,13.7634617848822,10.0421696475402,,1,4.64
sp2,22,1,,1,1,9,12.5611401558077,12.535593408894,1.09123571580663,1,0.168279068966008
sp2,22,1,,2,1,9,18.0173187348409,18.0067241098581,1.01124262143653,1,0.202107376156013
sp2,22,1,,3,1,9,23.0735318420235,23.268857256218,1.54180585833204,1,0.233455897420546
sp2,22,1,,4,1,9,30.7825611336837,30.8159648196402,1.01099830067041,1,0.281251879028839
sp2,22,1,,5,1,9,35.8375526370358,35.7605752445315,0.691222918098691,1,0.312592826349622
sp2,22,1,,6,1,9,39.2936672275292,39.4836051389295,1.24546371617056,1,0.334020736810681
sp2,22,1,1,7,1,9,45.520985808382,45.3970310300958,1.32025537668019,1,0.372630112011969
sp2,22,1,1,8,1,9,52.122262691783,51.6522479413342,3.17671942513425,1,0.413558028689055
sp2,22,1,1,9,1,9,68.0058598174543,67.9443907626661,,1,0.512036330868216
sp2,22,2,,1,1,2,3.20867969787807,3.27899633429481,0.992949979510276,1,0.110293814126844
sp2,22,2,,2,1,2,8.17342959542945,8.05903149566313,1.18832137898183,1,0.141075263491663
sp2,22,2,,3,1,2,,,,1,
sp2,22,2,,4,1,2,,,,1,
sp2,22,2,,5,1,2,,,,1,
sp2,22,2,,6,1,2,,,,1,
sp2,22,2,,7,1,2,,,,1,
sp2,22,2,,8,1,2,,,,1,
sp2,22,2,,9,1,2,,,,1,
sp2,22,3,,1,1,4,8.38561121330649,8.1916077150497,0.844659671203961,1,0.1423907895225
sp2,22,3,,2,1,4,12.6089095693263,12.5109114444418,1.2993038318767,1,0.168575239329823
sp2,22,3,,3,1,4,19.1054287287098,19.0615245260569,1.49754304753734,1,0.208853658118001
sp2,22,3,,4,1,4,26.5931439663965,26.6250154232548,1.89768747772553,1,0.255277492591658
sp2,22,3,,5,1,4,,,,1,
sp2,22,3,,6,1,4,,,,1,
sp2,22,3,,7,1,4,,,,1,
sp2,22,3,,8,1,4,,,,1,
sp2,22,3,,9,1,4,,,,1,
sp2,23,1,,1,1,8,2.38465930535262,2.38793891946396,0.79954733563316,1,0.105184887693186
sp2,23,1,,2,1,8,6.38239598351842,6.62490300160782,0.842839794124897,1,0.129970855097814
sp2,23,1,,3,1,8,10.5965949541429,10.6491632685413,0.282456555829339,1,0.156098888715686
sp2,23,1,,4,1,8,12.0088777332896,12.1843155951664,1.62535135636822,1,0.164855041946396
sp2,23,1,,5,1,8,20.1356345151307,20.4632425045457,0.617420895429859,1,0.21524093399381
sp2,23,1,,6,1,8,23.22273899228,23.1775388600431,1.2402712763411,1,0.234380981752136
sp2,23,1,1,7,1,8,29.4240953739855,29.4706407486858,1.63486064720491,1,0.27282939131871
sp2,23,1,1,8,1,8,37.59839861001,37.6229251289146,1.70227062740225,1,0.323510071382062
sp2,23,1,,9,1,8,,,,1,
sp2,23,2,,1,7,9,,,,1,
sp2,23,2,,2,7,9,,,,1,
sp2,23,2,,3,7,9,,,,1,
sp2,23,2,,4,7,9,,,,1,
sp2,23,2,,5,7,9,,,,1,
sp2,23,2,,6,7,9,,,,1,
sp2,23,2,,7,7,9,0.974912924499885,,0.377149779300718,1,
sp2,23,2,2,8,7,9,2.86066182100348,6.31095144146816,1.15133227532672,1,4.64
sp2,23,2,2,9,7,9,8.61732319763705,9.00154719667477,,1,0.14382740382535
sp2,23,3,,1,4,9,,,,1,
sp2,23,3,,2,4,9,,,,1,
sp2,23,3,,3,4,9,,,,1,
sp2,23,3,,4,4,9,0.541920347721029,,0.442777394819942,1,
sp2,23,3,,5,4,9,2.75580732182074,2.85111084958365,0.878760119613888,1,0.107486005395289
sp2,23,3,,6,4,9,7.14960791989018,6.85621385359992,1.02638560496059,1,0.134727569103319
sp2,23,3,3,7,4,9,12.2815359446931,12.1526117989539,0.917757242757457,1,0.166545522857097
sp2,23,3,3,8,4,9,16.8703221584804,16.6257952248296,1.42610102567676,1,0.194995997382579
sp2,23,3,3,9,4,9,24.0008272868642,23.7540628005527,,1,0.239205129178558
sp2,23,4,,1,1,9,10.6468567425564,10.7943708943246,1.35470555237685,1,0.15641051180385
sp2,23,4,,2,1,9,17.4203845044407,17.6196065066581,1.42018285224751,1,0.198406383927532
sp2,23,4,,3,1,9,24.5212987656782,20.9672807896155,1.2894673146752,1,4.64
sp2,23,4,,4,1,9,30.9686353390542,31.3342282212062,2.14002948928109,1,0.282405539102136
sp2,23,4,,5,1,9,41.6687827854596,41.6043119490828,1.87378664134148,1,0.34874645326985
sp2,23,4,,6,1,9,51.037715992167,51.0609729869248,3.12777272753471,1,0.406833839151436
sp2,23,4,4,7,1,9,66.6765796298406,66.748570972715,1.99384937705733,1,0.503794793705012
sp2,23,4,4,8,1,9,76.6458265151273,76.1547948302496,2.71908266571078,1,0.565604124393789
sp2,23,4,4,9,1,9,90.2412398436812,89.8639364955468,,1,0.649895687030823
sp2,24,1,,1,3,9,,,,1,
sp2,24,1,,2,3,9,,,,1,
sp2,24,1,,3,3,9,0.456735956611105,,0.389083612711612,1,
sp2,24,1,,4,3,9,2.40215402016917,2.40168646089832,1.0226936973563,1,0.105293354925049
sp2,24,1,,5,3,9,7.51562250695064,7.61104607600336,1.18999714257309,1,0.136996859543094
sp2,24,1,,6,3,9,13.4656082198161,13.2608342430087,0.804658974919948,1,0.17388677096286
sp2,24,1,1,7,3,9,17.4889030944158,17.5695493228849,1.2837503808589,1,0.198831199185378
sp2,24,1,1,8,3,9,23.9076549987103,24.2933417752231,2.1429870406018,1,0.238627460992004
sp2,24,1,1,9,3,9,34.6225902017193,35.1443864784529,,1,0.30506005925066
sp2,24,2,,1,1,9,27.7253206999274,27.126319025001,1.30458944702502,1,0.26229698833955
sp2,24,2,,2,1,9,34.2482679350525,33.9599572130519,0.638149259609795,1,0.302739261197325
sp2,24,2,,3,1,9,37.4390142331015,41.0440327123021,1.19008095046787,1,4.64
sp2,24,2,,4,1,9,43.3894189854408,43.2412151548979,1.08147613770156,1,0.359414397709733
sp2,24,2,,5,1,9,48.7967996739486,48.5891763930707,2.96730692744498,1,0.392940157978481
sp2,24,2,,6,1,9,63.6333343111735,63.6919640830228,0.180529956829708,1,0.484926672729276
sp2,24,2,2,7,1,9,64.535984095322,64.0783456578318,1.46660495732306,1,0.490523101390997
sp2,24,2,2,8,1,9,71.8690088819374,71.6075025853872,0.712661214860961,1,0.535987855068012
sp2,24,2,2,9,1,9,75.4323149562422,75.3403895331999,,1,0.558080352728701
sp2,24,3,,1,1,9,8.40811131374029,8.10562725184335,1.37832176718956,1,0.14253029014519
sp2,24,3,,2,1,9,15.2997201496881,15.2749758328866,0.818526635173611,1,0.185258264928066
sp2,24,3,,3,1,9,19.3923533255562,19.3022867553526,0.633270383227913,1,0.210632590618448
sp2,24,3,,4,1,9,22.5587052416957,22.5789212235312,1.91093989757672,1,0.230263972498513
sp2,24,3,,5,1,9,32.1134047295793,31.8533490605231,2.25943635054951,1,0.289503109323392
sp2,24,3,,6,1,9,43.4105864823269,43.7451809882904,1.52187767792196,1,0.359545636190427
sp2,24,3,3,7,1,9,51.0199748719367,51.4139329673643,1.05590999624411,1,0.406723844206007
sp2,24,3,3,8,1,9,56.2995248531572,56.296542066098,0.00208276457023571,1,0.439457054089575
sp2,24,3,3,9,1,9,56.3099386760084,56.1053450624475,,1,0.439521619791252
sp2,24,4,,1,6,9,,,,1,
sp2,24,4,,2,6,9,,,,1,
sp2,24,4,,3,6,9,,,,1,
sp2,24,4,,4,6,9,,,,1,
sp2,24,4,,5,6,9,,,,1,
sp2,24,4,,6,6,9,0.92730672008498,,0.634924324081205,1,
sp2,24,4,4,7,6,9,4.101928340491,3.91865351292176,1.24457904500305,1,0.115831955711044
sp2,24,4,4,8,6,9,10.3248235655062,10.1213900289874,1.42010925692706,1,0.154413906106139
sp2,24,4,4,9,6,9,17.4253698501416,17.436409255128,,1,0.198437293070878
sp2,24,5,,1,1,9,7.52672616573006,7.5767173604094,1.45672187109999,1,0.137065702227526
sp2,24,5,,2,1,9,14.81033552123,14.5992659705475,0.835997193396851,1,0.182224080231626
sp2,24,5,,3,1,9,18.9903214882143,19.0718685064739,1.32956669124572,1,0.208139993226928
sp2,24,5,,4,1,9,25.6381549444429,25.3854562959853,1.0827515778021,1,0.249356560655546
sp2,24,5,,5,1,9,31.0519128334534,35.1250871314078,1.70447545827201,1,4.64
sp2,24,5,,6,1,9,39.5742901248134,39.7011778687168,1.63222512827515,1,0.335760598773843
sp2,24,5,5,7,1,9,47.7354157661892,48.3091512180546,2.7179441554629,1,0.386359577750373
sp2,24,5,5,8,1,9,61.3251365435037,61.3656446665414,0.671422120792552,1,0.470615846569723
sp2,24,5,5,9,1,9,64.6822471474664,64.8827836549327,,1,0.491429932314292
sp2,24,6,,1,1,9,3.13245384402154,3.01881566097998,0.759821975426652,1,0.109821213832934
sp2,24,6,,2,1,9,6.9315637211548,6.97975798555496,1.14961373440626,1,0.13337569507116
sp2,24,6,,3,1,9,12.6796323931861,12.8714070560034,1.31260722220011,1,0.169013720837754
sp2,24,6,,4,1,9,19.2426685041866,19.3750587967658,0.700964617511883,1,0.209704544725957
sp2,24,6,,5,1,9,22.747491591746,22.5985531190059,1.45910213641896,1,0.231434447868825
sp2,24,6,,6,1,9,30.0430022738408,29.6777607817719,2.14248304451237,1,0.276666614097813
sp2,24,6,6,7,1,9,40.7554174964027,40.9518619924516,0.856668468561047,1,0.343083588477696
sp2,24,6,6,8,1,9,45.0387598392079,44.6492657341575,0.241539133073233,1,0.369640311003089
sp2,24,6,6,9,1,9,46.2464555045741,46.4730744597934,,1,0.377128024128359
sp2,25,1,,1,1,9,11.4967548166576,11.6803421714055,1.87116919328758,1,0.161679879863277
sp2,25,1,,2,1,9,20.8526007830955,20.9058754925465,1.10360429620364,1,0.219686124855192
sp2,25,1,,3,1,9,26.3706222641136,28.8005775308106,0.933864174923507,1,4.64
sp2,25,1,,4,1,9,31.0399431387312,24.5732082877957,1.79095961114804,1,4.64
sp2,25,1,,5,1,9,39.9947411944714,39.9633577621991,1.04413816628709,1,0.338367395405722
sp2,25,1,,6,1,9,45.2154320259068,45.2362100707992,1.55147235705228,1,0.370735678560622
sp2,25,1,1,7,1,9,52.9727938111682,52.9683459329936,1.48857390474431,1,0.418831321629243
sp2,25,1,1,8,1,9,60.4156633348898,60.3214530910938,0,1,0.464977112676316
sp2,25,1,1,9,1,9,60.4156633348898,59.9438705663312,,1,0.464977112676316
sp2,25,2,,1,1,9,8.94587866912777,9.21569138991835,1.34595845257801,1,0.145864447748592
sp2,25,2,,2,1,9,15.6756709320178,15.4783637467673,1.15349673109229,1,0.187589159778511
sp2,25,2,,3,1,9,21.4431545874793,21.510488934588,1.42546027322256,1,0.223347558442372
sp2,25,2,,4,1,9,28.5704559535921,27.8684684214207,2.51245363367623,1,4.64
sp2,25,2,,5,1,9,41.1327241219732,40.7223330565532,2.87023378359609,1,0.345422889556234
sp2,25,2,,6,1,9,55.4838930399537,55.3211286745559,1.09003497222147,1,0.434400136847713
sp2,25,2,2,7,1,9,60.934067901061,60.9935745987689,1.1788077791596,1,0.468191220986578
sp2,25,2,2,8,1,9,66.828106796859,66.2965569778071,1.7611404255647,1,0.504734262140526
sp2,25,2,2,9,1,9,75.6338089246825,74.9993586847063,,1,0.559329615333032
sp2,25,3,,1,3,9,,,,1,
sp2,25,3,,2,3,9,,,,1,
sp2,25,3,,3,3,9,0.469123249974317,,0.32310701768158,1,
sp2,25,3,,4,3,9,2.08465833838222,1.98287093435595,0.896992744008102,1,0.10332488169797
sp2,25,3,,5,3,9,6.56962205842273,6.38058963237662,1.09561499925125,1,0.131131656762221
sp2,25,3,,6,3,9,12.047697054679,11.9932134465037,1.03700345120792,1,0.165095721739009
sp2,25,3,3,7,3,9,17.2327143107185,17.2997622809714,1.34890304495534,1,0.197242828726455
sp2,25,3,3,8,3,9,23.9772295354952,23.5568962415448,1.53126135194404,1,0.23905882312007
sp2,25,3,3,9,3,9,31.6335362952154,32.091139746876,,1,0.286527925030336
sp2,25,4,,1,1,9,4.7657160584449,4.69099162727156,0.710906331843294,1,0.119947439562358
sp2,25,4,,2,1,9,8.32024771766137,8.35901938725203,1.21698107726102,1,0.141985535849501
sp2,25,4,,3,1,9,14.4051531039665,14.3522246293177,0.932000585065665,1,0.179711949244592
sp2,25,4,,4,1,9,19.0651560292948,19.0718782854156,1.55287074683577,1,0.208603967381628
sp2,25,4,,5,1,9,26.8295097634736,26.4507422187417,1.71802613484676,1,4.64
sp2,25,4,,6,1,9,35.4196404377074,35.9051549507846,1.42251639971461,1,0.310001770713786
sp2,25,4,4,7,1,9,42.5322224362805,42.1669718005257,0.408523181737545,1,0.354099779104939
sp2,25,4,4,8,1,9,44.5748383449682,45.0159010115481,2.06279138593265,1,0.366763997738803
sp2,25,4,4,9,1,9,54.8887952746314,55.8437191104463,,1,0.430710530702715
sp3,26,1,,1,1,1,2.35866638972109,2.21187372190605,0.618555719468377,1,0.105023731616271
sp3,26,1,,2,1,1,,,,0.1,
sp3,26,1,,3,1,1,,,,1,
sp3,26,1,,4,1,1,,,,1,
sp3,26,1,,5,1,1,,,,0.1,
sp3,26,1,,6,1,1,,,,1,
sp3,26,1,,7,1,1,,,,1,
sp3,26,1,,8,1,1,,,,0.1,
sp3,26,1,,9,1,1,,,,1,
sp3,26,2,,1,1,6,24.277748512162,24.3142780218436,2.35466412939822,1,0.240922040775404
sp3,26,2,,2,1,6,36.0510691591531,35.8784579060408,0.361416928858134,0.1,0.313916628786749
sp3,26,2,,3,1,6,37.8581538034437,38.0916578920987,2.15491403909684,1,0.325120553581351
sp3,26,2,,4,1,6,48.6327239989279,48.2344139406294,3.42263483689022,1,0.391922888793353
sp3,26,2,,5,1,6,65.745898183379,65.2850109141329,0,0.1,0.49802456873695
sp3,26,2,,6,1,6,65.745898183379,65.3988326995916,2.3366309021396,1,0.49802456873695
sp3,26,2,,7,1,6,,,,1,
sp3,26,2,,8,1,6,,,,0.1,
sp3,26,2,,9,1,6,,,,1,
sp3,26,3,,1,2,8,,,,1,
sp3,26,3,,2,2,8,0.964118254471863,,0,0.1,
sp3,26,3,,3,2,8,0.964118254471863,,0.513298033313505,1,
sp3,26,3,,4,2,8,3.53060842103939,3.60910478407943,0.915906608877185,1,0.112289772210444
sp3,26,3,,5,2,8,8.11014146542532,4.08726057768704,0,0.1,4.64
sp3,26,3,,6,2,8,8.11014146542532,8.00138161878176,0.875392279509932,1,0.140682877085637
sp3,26,3,3,7,2,8,12.487102862975,12.5199733920554,1.65823206563161,1,0.167820037750445
sp3,26,3,3,8,2,8,20.778263191133,20.7116999608517,0.0137844776957892,0.1,0.219225231785025
sp3,26,3,,9,2,8,,,,1,
sp3,26,4,,1,1,4,106.582443939115,105.593828176857,3.26613136223317,1,0.751211152422511
sp3,26,4,,2,1,4,122.913100750281,122.937568662582,0,0.1,0.852461224651739
sp3,26,4,,3,1,4,122.913100750281,122.012126899356,1.66953906522294,1,0.852461224651739
sp3,26,4,,4,1,4,131.260796076395,131.05493508037,3.34618088838946,1,0.90421693567365
sp3,26,4,,5,1,4,,,,0.1,
sp3,26,4,,6,1,4,,,,1,
sp3,26,4,,7,1,4,,,,1,
sp3,26,4,,8,1,4,,,,0.1,
sp3,26,4,,9,1,4,,,,1,
sp3,26,5,,1,1,9,36.5196248815784,36.3858918056808,1.6849666039917,1,0.316821674265786
sp3,26,5,,2,1,9,44.9444579015369,44.3765281316228,1.02674902092511,0.1,0.369055638989529
sp3,26,5,,3,1,9,50.0782030061625,50.376937361682,1.44215536536067,1,0.400884858638208
sp3,26,5,,4,1,9,57.2889798329659,56.7294918014656,1.58798367069613,1,0.445591674964388
sp3,26,5,,5,1,9,65.2288981864465,65.2872710520558,0.972016420543574,0.1,0.494819168755968
sp3,26,5,,6,1,9,70.0889802891644,69.5632285389623,3.13716149236427,1,0.524951677792819
sp3,26,5,5,7,1,9,85.7747877509858,86.0843719917025,0,1,0.622203684056112
sp3,26,5,5,8,1,9,85.7747877509858,85.9098045689982,1.71814231406539,0.1,0.622203684056112
sp3,26,5,5,9,1,9,94.3654993213127,93.3851267627931,,1,0.675466095792139
sp3,26,6,,1,1,9,6.4677002816102,6.30351418245384,1.26905573041181,1,0.130499741745983
sp3,26,6,,2,1,9,12.8129789336693,12.9735824012035,0.77843107728874,0.1,0.169840469388749
sp3,26,6,,3,1,9,16.705134320113,16.8032427190108,1.62881750844638,1,0.1939718327847
sp3,26,6,,4,1,9,24.8492218623449,24.9459563668128,1.01124000714391,1,0.244465175546538
sp3,26,6,,5,1,9,29.9054218980644,29.5334914762748,0.27283418623608,0.1,0.275813615767999
sp3,26,6,,6,1,9,31.2695928292448,31.291003612499,2.213584158169,1,0.284271475541318
sp3,26,6,6,7,1,9,42.3375136200898,42.0049499515145,2.27845626760492,1,0.352892584444557
sp3,26,6,6,8,1,9,53.7297949581144,53.2625564360124,0.00514732170715068,0.1,0.423524728740309
sp3,26,6,6,9,1,9,53.7555315666502,53.9754260199958,,1,0.423684295713231
sp3,27,1,,1,7,8,,,,1,
sp3,27,1,,2,7,8,,,,0.1,
sp3,27,1,,3,7,8,,,,1,
sp3,27,1,,4,7,8,,,,1,
sp3,27,1,,5,7,8,,,,0.1,
sp3,27,1,,6,7,8,,,,1,
sp3,27,1,,7,7,8,0.517061649152198,,0.431729637596102,1,
sp3,27,1,1,8,7,8,2.67570983713271,2.59611972542915,0,0.1,0.106989400990223
sp3,27,1,,9,7,8,,,,1,
sp3,27,2,,1,1,7,21.6585638043234,21.7368283460618,2.09650874234782,1,0.224683095586805
sp3,27,2,,2,1,7,32.1411075160625,32.1627004715785,0.419308377245838,0.1,0.289674866599588
sp3,27,2,,3,1,7,34.2376494022917,34.062125466959,2.23345675299506,1,0.302673426294209
sp3,27,2,,4,1,7,45.404933167267,45.101874151895,0.86914583898975,1,0.371910585637056
sp3,27,2,,5,1,7,49.7506623622158,49.1077305587409,0,0.1,0.398854106645738
sp3,27,2,,6,1,7,49.7506623622158,49.344589061043,3.34928760429637,1,0.398854106645738
sp3,27,2,2,7,1,7,66.4971003836977,66.6218553267627,2.30970286552608,1,0.502682022378926
sp3,27,2,,8,1,7,,,,0.1,
sp3,27,2,,9,1,7,,,,1,
sp3,27,3,,1,1,1,41.3907411406658,41.7794784434883,3.3900621338988,1,0.347022595072128
sp3,27,3,,2,1,1,,,,0.1,
sp3,27,3,,3,1,1,,,,1,
sp3,27,3,,4,1,1,,,,1,
sp3,27,3,,5,1,1,,,,0.1,
sp3,27,3,,6,1,1,,,,1,
sp3,27,3,,7,1,1,,,,1,
sp3,27,3,,8,1,1,,,,0.1,
sp3,27,3,,9,1,1,,,,1,
sp3,27,4,,1,1,9,11.3646601333499,11.3290913669089,1.38600094935523,1,0.160860892826769
sp3,27,4,,2,1,9,18.294664880126,18.3744107940943,0.550610774103597,0.1,0.203826922256781
sp3,27,4,,3,1,9,21.047718750644,21.0187166606856,0.719502019629866,1,0.220895856253993
sp3,27,4,,4,1,9,24.6452288487933,24.3896891409049,1.21809047182958,1,0.243200418862519
sp3,27,4,,5,1,9,30.7356812079412,30.1934931121721,0,0.1,0.280961223489236
sp3,27,4,,6,1,9,30.7356812079412,30.8675827525638,1.49174163008623,1,0.280961223489236
sp3,27,4,4,7,1,9,38.1943893583724,38.3324370208047,1.98572315900953,1,0.327205214021909
sp3,27,4,4,8,1,9,48.1230051534201,47.733299032828,1.07046776662594,0.1,0.388762631951204
sp3,27,4,4,9,1,9,53.4753439865497,53.0083319908517,,1,0.421947132716608
sp3,27,5,,1,1,9,7.74881561780632,7.88074484734,1.39072754035924,1,0.138442656830399
sp3,27,5,,2,1,9,14.7024533196025,14.7656411613253,0,0.1,0.181555210581536
sp3,27,5,,3,1,9,14.7024533196025,14.5484381145889,1.23192655627731,1,0.181555210581536
sp3,27,5,,4,1,9,20.8620861009891,21.0388242035433,2.40765022453623,1,0.219744933826132
sp3,27,5,,5,1,9,32.9003372236703,32.5889435463261,0,0.1,0.294382090786756
sp3,27,5,,6,1,9,32.9003372236703,32.3903236170793,0.395395246250323,1,0.294382090786756
sp3,27,5,5,7,1,9,34.8773134549219,34.8236267445675,2.39885157831728,1,0.306639343420516
sp3,27,5,5,8,1,9,46.8715713465083,52.5344180942891,0,0.1,4.64
sp3,27,5,5,9,1,9,46.8715713465083,47.0069345071958,,1,0.381003742348351
sp3,27,6,,1,1,3,60.3640676836075,60.8733577616029,4.16941605983332,1,0.464657219638367
sp3,27,6,,2,1,3,81.2111479827741,81.8034594215475,1.6087625207362,0.1,0.5939091174932
sp3,27,6,,3,1,3,89.2549605864551,87.9806415956641,0.539983378450705,1,0.643780755636022
sp3,27,6,,4,1,3,,,,1,
sp3,27,6,,5,1,3,,,,0.1,
sp3,27,6,,6,1,3,,,,1,
sp3,27,6,,7,1,3,,,,1,
sp3,27,6,,8,1,3,,,,0.1,
sp3,27,6,,9,1,3,,,,1,
sp3,28,1,,1,5,9,,,,1,
sp3,28,1,,2,5,9,,,,0.1,
sp3,28,1,,3,5,9,,,,1,
sp3,28,1,,4,5,9,,,,1,
sp3,28,1,,5,5,9,0.712633071952771,,0.254029878352911,0.1,
sp3,28,1,,6,5,9,1.98278246371733,1.96672490931701,1.35455852856003,1,0.102693251275047
sp3,28,1,1,7,5,9,8.7555751065175,8.72598709655846,0.947184948094312,1,0.144684565660408
sp3,28,1,1,8,5,9,13.4914998469891,13.4929464576573,0.547591572809654,0.1,0.174047299051332
sp3,28,1,1,9,5,9,16.2294577110373,16.123835080643,,1,0.191022637808431
sp3,28,2,,1,1,2,6.20125988935978,6.14955541103442,1.27318157905365,1,0.128847811314031
sp3,28,2,,2,1,2,12.567167784628,12.6367270532626,0.290406236938117,0.1,0.168316440264694
sp3,28,2,,3,1,2,,,,1,
sp3,28,2,,4,1,2,,,,1,
sp3,28,2,,5,1,2,,,,0.1,
sp3,28,2,,6,1,2,,,,1,
sp3,28,2,,7,1,2,,,,1,
sp3,28,2,,8,1,2,,,,0.1,
sp3,28,2,,9,1,2,,,,1,
sp3,28,3,,1,1,9,6.45280486809847,6.35078418154856,0.877145167761906,1,0.130407390182211
sp3,28,3,,2,1,9,10.838530706908,10.6235219195541,0.255003804224619,0.1,0.15759889038283
sp3,28,3,,3,1,9,12.1135497280311,12.068256740424,1.48924184487821,1,0.165504008313793
sp3,28,3,,4,1,9,19.5597589524222,19.1492672566409,1.3270562001295,1,0.211670505505017
sp3,28,3,,5,1,9,26.1950399530697,26.0735676620463,1.75349166009467,0.1,0.252809247709032
sp3,28,3,,6,1,9,34.962498253543,34.5759615919501,1.41628473559064,1,0.307167489171967
sp3,28,3,3,7,1,9,42.0439219314963,42.6565845936313,2.14308682085711,1,0.351072315975277
sp3,28,3,3,8,1,9,52.7593560357818,52.6630379745318,0,0.1,0.417508007421847
sp3,28,3,3,9,1,9,52.7593560357818,52.096279602385,,1,0.417508007421847
sp3,28,4,,1,1,9,12.3334784930279,12.4149887796392,1.68698119048305,1,0.166867566656773
sp3,28,4,,2,1,9,20.7683844454432,20.9259969818661,0.00830059045409784,0.1,0.219163983561748
sp3,28,4,,3,1,9,20.8098873977136,20.7305158659469,1.4046759606742,1,0.219421301865825
sp3,28,4,,4,1,9,27.8332672010846,28.1073518832221,1.18982680160161,1,0.262966256646725
sp3,28,4,,5,1,9,33.7824012090927,34.2092525337929,0,0.1,0.299850887496375
sp3,28,4,,6,1,9,33.7824012090927,33.1336209375648,1.56729114764375,1,0.299850887496375
sp3,28,4,4,7,1,9,41.6188569473114,41.3395984587415,2.91583536138498,1,0.348436913073331
sp3,28,4,4,8,1,9,56.1980337542364,56.5761801414238,0,0.1,0.438827809276265
sp3,28,4,4,9,1,9,56.1980337542364,56.5220427749597,,1,0.438827809276265
sp3,29,1,,1,4,9,,,,1,
sp3,29,1,,2,4,9,,,,0.1,
sp3,29,1,,3,4,9,,,,1,
sp3,29,1,,4,4,9,0.91875672360611,,0.87363682525245,1,
sp3,29,1,,5,4,9,5.28694084986836,5.38068613386676,0,0.1,0.123179033269184
sp3,29,1,,6,4,9,5.28694084986836,5.10884573563971,1.71495266187165,1,0.123179033269184
sp3,29,1,1,7,4,9,13.8617041592266,13.918441610954,1.0144909072655,1,0.176342565787205
sp3,29,1,1,8,4,9,18.9341586955541,18.9564242612502,0,0.1,0.207791783912436
sp3,29,1,1,9,4,9,18.9341586955541,18.7814361862341,,1,0.207791783912436
sp3,29,2,,1,3,9,,,,1,
sp3,29,2,,2,3,9,,,,0.1,
sp3,29,2,,3,3,9,0.434134406848494,,0.216600721754494,1,
sp3,29,2,,4,3,9,1.51713801562097,1.4374821744245,0.698285414201141,1,0.09980625569685
sp3,29,2,,5,3,9,5.00856508662667,5.05037665976128,0,0.1,0.121453103537085
sp3,29,2,,6,3,9,5.00856508662667,5.13682084428527,1.38235499094393,1,0.121453103537085
sp3,29,2,2,7,3,9,11.9203400413463,11.814686267399,1.11334834650108,1,0.164306108256347
sp3,29,2,2,8,3,9,17.4870817738517,17.2840508037383,0,0.1,0.198819906997881
sp3,29,2,2,9,3,9,17.4870817738517,17.658039984846,,1,0.198819906997881
sp3,29,3,,1,2,2,,,,1,
sp3,29,3,,2,2,2,0.864817679661812,,0.353310032880076,0.1,
sp3,29,3,,3,2,2,,,,1,
sp3,29,3,,4,2,2,,,,1,
sp3,29,3,,5,2,2,,,,0.1,
sp3,29,3,,6,2,2,,,,1,
sp3,29,3,,7,2,2,,,,1,
sp3,29,3,,8,2,2,,,,0.1,
sp3,29,3,,9,2,2,,,,1,
sp3,29,4,,1,7,9,,,,1,
sp3,29,4,,2,7,9,,,,0.1,
sp3,29,4,,3,7,9,,,,1,
sp3,29,4,,4,7,9,,,,1,
sp3,29,4,,5,7,9,,,,0.1,
sp3,29,4,,6,7,9,,,,1,
sp3,29,4,,7,7,9,0.956702087939895,,0.601913454399677,1,
sp3,29,4,4,8,7,9,3.96626935993828,3.94656507585364,0.107640683759916,0.1,0.114990870031617
sp3,29,4,4,9,7,9,4.50447277873786,4.44620850343258,,1,0.118327731228175
sp3,29,5,,1,1,6,39.9394979231383,39.8386115768541,3.42129213363624,1,0.338024887123457
sp3,29,5,,2,1,6,57.0459585913194,57.3768573190694,0,0.1,0.444084943266181
sp3,29,5,,3,1,6,57.0459585913194,57.126355518744,1.47149032510701,1,0.444084943266181
sp3,29,5,,4,1,6,64.4034102168545,64.14615178242,2.27873386508195,1,0.489701143344498
sp3,29,5,,5,1,6,75.7970795422643,75.491418676746,0,0.1,0.560341893162038
sp3,29,5,,6,1,6,75.7970795422643,75.4463333820116,3.57961674570388,1,0.560341893162038
sp3,29,5,,7,1,6,,,,1,
sp3,29,5,,8,1,6,,,,0.1,
sp3,29,5,,9,1,6,,,,1,
sp3,30,1,,1,1,9,40.718683098948,40.2468137280546,2.02314789614383,1,0.342855835213478
sp3,30,1,,2,1,9,50.8344225796671,50.8696448428193,0,0.1,0.405573419993936
sp3,30,1,,3,1,9,50.8344225796671,50.5181111025935,2.0061545722545,1,0.405573419993936
sp3,30,1,,4,1,9,60.8651954409396,59.7609236902767,2.04791758944288,1,4.64
sp3,30,1,,5,1,9,71.104783388154,70.9943573151966,1.235805352444,0.1,0.531249657006555
sp3,30,1,,6,1,9,77.2838101503741,77.8218823837988,0.988803853967835,1,0.569559622932319
sp3,30,1,1,7,1,9,82.2278294202132,82.213406419783,3.28356670878072,1,0.600212542405322
sp3,30,1,1,8,1,9,98.6456629641168,98.6937073882037,0,0.1,0.702003110377524
sp3,30,1,1,9,1,9,98.6456629641168,99.5816640164397,,1,0.702003110377524
sp3,30,2,,1,5,9,,,,1,
sp3,30,2,,2,5,9,,,,0.1,
sp3,30,2,,3,5,9,,,,1,
sp3,30,2,,4,5,9,,,,1,
sp3,30,2,,5,5,9,0.608853966398682,,0.455149518696669,0.1,
sp3,30,2,,6,5,9,2.88460155988202,2.96512345971367,0.914185957837702,1,0.108284529671269
sp3,30,2,2,7,5,9,7.45553134907054,7.53875256733845,1.56558096850006,1,0.136624294364237
sp3,30,2,2,8,5,9,15.2834361915709,15.2562302310855,0.0195884211566754,0.1,0.185157304387739
sp3,30,2,2,9,5,9,15.3813782973542,15.0145418294425,,1,0.185764545443596
sp3,30,3,,1,5,9,,,,1,
sp3,30,3,,2,5,9,,,,0.1,
sp3,30,3,,3,5,9,,,,1,
sp3,30,3,,4,5,9,,,,1,
sp3,30,3,,5,5,9,0.78664872905627,,0,0.1,
sp3,30,3,,6,5,9,0.78664872905627,,0.192984427660317,1,
sp3,30,3,3,7,5,9,1.75157086735785,1.73217984118674,0.949109049317763,1,0.101259739377619
sp3,30,3,3,8,5,9,6.49711611394667,1,0.178237694585582,0.1,4.64
sp3,30,3,3,9,5,9,7.38830458687458,7.38557473209942,,1,0.136207488438622
sp3,30,4,,1,1,3,11.8647707114748,11.6192709681141,1.39430781330472,1,0.163961578411144
sp3,30,4,,2,1,3,18.8363097779983,19.0144998199071,0,0.1,0.20718512062359
sp3,30,4,,3,1,3,18.8363097779983,18.5324100212676,1.20520000819459,1,0.20718512062359
sp3,30,4,,4,1,3,,,,1,
sp3,30,4,,5,1,3,,,,0.1,
sp3,30,4,,6,1,3,,,,1,
sp3,30,4,,7,1,3,,,,1,
sp3,30,4,,8,1,3,,,,0.1,
sp3,30,4,,9,1,3,,,,1,
sp3,30,5,,1,1,9,23.2181907315998,23.2380281419321,3.0967433308332,1,0.234352782535919
sp3,30,5,,2,1,9,38.7019073857658,38.4189081218429,0.117165420051288,0.1,0.330351825791748
sp3,30,5,,3,1,9,39.2877344860222,39.435182564407,1.09842461320546,1,0.333983953813338
sp3,30,5,,4,1,9,44.7798575520495,44.9450049005447,1.08538000707201,1,0.368035116822707
sp3,30,5,,5,1,9,50.2067575874095,49.2650794029085,1.08030925841804,0.1,0.401681897041939
sp3,30,5,,6,1,9,55.6083038794997,55.2467901035019,2.20588014486466,1,0.435171484052898
sp3,30,5,5,7,1,9,66.637704603823,66.4836296029357,1.26672430059449,1,0.503553768543703
sp3,30,5,5,8,1,9,72.9713261067955,72.8051588958307,1.83631753174885,0.1,0.542822221862132
sp3,30,5,5,9,1,9,82.1529137655398,82.4531952754396,,1,0.599748065346347
sp3,31,1,,1,1,8,10.6774300798128,10.7931985719761,1.34134424103569,1,0.156600066494839
sp3,31,1,,2,1,8,17.3841512849913,11.8250666953107,0.483019797975978,0.1,4.64
sp3,31,1,,3,1,8,19.7992502748712,19.7446783054315,2.46936476348219,1,0.213155351704201
sp3,31,1,,4,1,8,32.1460740922821,32.3063212226602,3.05730698698025,1,0.289705659372149
sp3,31,1,,5,1,8,47.4326090271834,47.5786091944954,0.196603625532034,0.1,0.384482175968537
sp3,31,1,,6,1,8,48.4156271548435,48.4503391250626,3.82736265062445,1,0.39057688836003
sp3,31,1,1,7,1,8,67.5524404079658,67.0975383260617,3.82880298253554,1,0.509225130529388
sp3,31,1,1,8,1,8,86.6964553206435,85.9797221638347,0.147130926241669,0.1,0.62791802298799
sp3,31,1,,9,1,8,,,,1,
sp3,31,2,,1,2,9,,,,1,
sp3,31,2,,2,2,9,0.210454894679354,,0.0148431499294557,0.1,
sp3,31,2,,3,2,9,0.284670644326632,,0.33500686368857,1,
sp3,31,2,,4,2,9,1.95970496276948,1.93390538763338,1.10716706285939,1,0.102550170769171
sp3,31,2,,5,2,9,7.49554027706641,7.36675271653505,0,0.1,0.136872349717812
sp3,31,2,,6,2,9,7.49554027706641,7.58617580902,1.50588365752663,1,0.136872349717812
sp3,31,2,2,7,2,9,15.0249585646996,15.1025968178163,1.75055274891045,1,0.183554743101137
sp3,31,2,2,8,2,9,23.7777223092518,18.8822469846094,0.0911858747531358,0.1,4.64
sp3,31,2,2,9,2,9,24.2336516830175,24.6249527890282,,1,0.240648640434709
sp3,31,3,,1,4,9,,,,1,
sp3,31,3,,2,4,9,,,,0.1,
sp3,31,3,,3,4,9,,,,1,
sp3,31,3,,4,4,9,0.433979153820769,,0.538952714457435,1,
sp3,31,3,,5,4,9,3.12874272610794,3.29610761905602,0.00248049140488327,0.1,0.109798204901869
sp3,31,3,,6,4,9,3.14114518313236,3.09911379949879,1.17934986179372,1,0.109875100135421
sp3,31,3,3,7,4,9,9.03789449210096,9.10032295926551,1.77707911476885,1,0.146434945851026
sp3,31,3,3,8,4,9,17.9232900659452,18.058589103704,0.000230227692984919,0.1,0.20152439840886
sp3,31,3,3,9,4,9,17.9244412044101,17.9223623797361,,1,0.201531535467343
sp3,31,4,,1,1,4,8.34818864852682,8.62498315843286,0.800434283447457,1,0.142158769620866
sp3,31,4,,2,1,4,12.3503600657641,12.4099624172418,0.216099071634076,0.1,0.166972232407737
sp3,31,4,,3,1,4,13.4308554239345,13.7379089761437,1.40057718033209,1,0.173671303628394
sp3,31,4,,4,1,4,20.4337413255949,22.7380970475556,2.02494481434317,1,4.64
sp3,31,4,,5,1,4,,,,0.1,
sp3,31,4,,6,1,4,,,,1,
sp3,31,4,,7,1,4,,,,1,
sp3,31,4,,8,1,4,,,,0.1,
sp3,31,4,,9,1,4,,,,1,
sp3,31,5,,1,1,3,12.772615826756,12.7561635861066,1.64155919870758,1,0.169590218125887
sp3,31,5,,2,1,3,20.9804118202939,20.9363734401715,0.386564198382378,0.1,0.220478553285822
sp3,31,5,,3,1,3,22.9132328122058,22.9472169209638,1.96195486686086,1,0.232462043435676
sp3,31,5,,4,1,3,,,,1,
sp3,31,5,,5,1,3,,,,0.1,
sp3,31,5,,6,1,3,,,,1,
sp3,31,5,,7,1,3,,,,1,
sp3,31,5,,8,1,3,,,,0.1,
sp3,31,5,,9,1,3,,,,1,
sp3,32,1,,1,1,9,11.3499379817596,11.1374162148051,1.80051242926593,1,0.16076961548691
sp3,32,1,,2,1,9,20.3525001280893,20.4449319375678,0.479593946951252,0.1,0.216585500794154
sp3,32,1,,3,1,9,22.7504698628456,22.8880242634207,2.31695823524201,1,0.231452913149643
sp3,32,1,,4,1,9,34.3352610390556,34.4779369471475,1.86134639929714,1,0.303278618442145
sp3,32,1,,5,1,9,43.6419930355413,43.4335244113465,0.478520746893539,0.1,0.360980356820356
sp3,32,1,,6,1,9,46.034596770009,46.694024402208,1.71503177856002,1,0.375814499974056
sp3,32,1,1,7,1,9,54.6097556628091,54.5107687735247,0.954036132416434,1,0.428980485109416
sp3,32,1,1,8,1,9,59.3799363248913,59.6773774797978,0,0.1,0.458555605214326
sp3,32,1,1,9,1,9,59.3799363248913,59.3095192422727,,1,0.458555605214326
sp3,32,2,,1,7,9,,,,1,
sp3,32,2,,2,7,9,,,,0.1,
sp3,32,2,,3,7,9,,,,1,
sp3,32,2,,4,7,9,,,,1,
sp3,32,2,,5,7,9,,,,0.1,
sp3,32,2,,6,7,9,,,,1,
sp3,32,2,,7,7,9,0.887792601255296,,0.907046115927339,1,
sp3,32,2,2,8,7,9,5.42302318089199,5.40443268319746,0,0.1,0.12402274372153
sp3,32,2,2,9,7,9,5.42302318089199,5.45844852333746,,1,0.12402274372153
sp3,32,3,,1,7,9,,,,1,
sp3,32,3,,2,7,9,,,,0.1,
sp3,32,3,,3,7,9,,,,1,
sp3,32,3,,4,7,9,,,,1,
sp3,32,3,,5,7,9,,,,0.1,
sp3,32,3,,6,7,9,,,,1,
sp3,32,3,,7,7,9,0.457142421568224,,0.212185980205323,1,
sp3,32,3,3,8,7,9,1.51807232259484,1.57286115408335,0.176896899720412,0.1,0.099812048400088
sp3,32,3,3,9,7,9,2.4025568211969,2.39731985796677,,1,0.105295852291421
sp3,32,4,,1,3,9,,,,1,
sp3,32,4,,2,3,9,,,,0.1,
sp3,32,4,,3,3,9,0.191603163563629,,0,1,
sp3,32,4,,4,3,9,0.191603163563629,,0.16718724038563,1,
sp3,32,4,,5,3,9,1.02753936549178,1,0.0430713465504197,0.1,0.096770744066049
sp3,32,4,,6,3,9,1.24289609824388,1.15616279623882,0.810249898484047,1,0.098105955809112
sp3,32,4,4,7,3,9,5.29414559066411,5.36609918750233,1.91831033863995,1,0.123223702662117
sp3,32,4,4,8,3,9,14.8856972838639,15.254338711827,0,0.1,0.182691323159956
sp3,32,4,4,9,3,9,14.8856972838639,15.1364332114564,,1,0.182691323159956
sp3,32,5,,1,7,9,,,,1,
sp3,32,5,,2,7,9,,,,0.1,
sp3,32,5,,3,7,9,,,,1,
sp3,32,5,,4,7,9,,,,1,
sp3,32,5,,5,7,9,,,,0.1,
sp3,32,5,,6,7,9,,,,1,
sp3,32,5,,7,7,9,0.79127287448722,,0.543541083251662,1,
sp3,32,5,5,8,7,9,3.50897829074553,3.55436934589484,0.252651381833675,0.1,0.112155665402622
sp3,32,5,5,9,7,9,4.7722351999139,4.90739861361609,,1,0.119987858239466
sp3,32,6,,1,7,9,,,,1,
sp3,32,6,,2,7,9,,,,0.1,
sp3,32,6,,3,7,9,,,,1,
sp3,32,6,,4,7,9,,,,1,
sp3,32,6,,5,7,9,,,,0.1,
sp3,32,6,,6,7,9,,,,1,
sp3,32,6,,7,7,9,0.950215416851634,,0.701199115507181,1,
sp3,32,6,6,8,7,9,4.45621099438754,4.33744238551133,0.466296037441106,0.1,0.118028508165203
sp3,32,6,6,9,7,9,6.78769118159307,1,,1,4.64
sp3,33,1,,1,1,2,12.8828688742839,12.8607372563002,1.52359383722093,1,0.17027378702056
sp3,33,1,,2,1,2,20.5008380603885,20.2407764243476,0.122198769810579,0.1,0.217505195974409
sp3,33,1,,3,1,2,,,,1,
sp3,33,1,,4,1,2,,,,1,
sp3,33,1,,5,1,2,,,,0.1,
sp3,33,1,,6,1,2,,,,1,
sp3,33,1,,7,1,2,,,,1,
sp3,33,1,,8,1,2,,,,0.1,
sp3,33,1,,9,1,2,,,,1,
sp3,33,2,,1,1,9,27.4612196707586,27.5226429628481,3.24960040304853,1,0.260659561958703
sp3,33,2,,2,1,9,43.7092216860012,43.7368602940369,0,0.1,0.361397174453208
sp3,33,2,,3,1,9,43.7092216860012,43.8576974714499,1.06123395864635,1,0.361397174453208
sp3,33,2,,4,1,9,49.015391479233,49.5441607253379,2.1173223077517,1,0.394295427171245
sp3,33,2,,5,1,9,59.6020030179915,59.6614291968486,0.698276502957932,0.1,0.459932418711547
sp3,33,2,,6,1,9,63.0933855327812,63.5288191824489,1.31200588903353,1,0.481578990303243
sp3,33,2,2,7,1,9,69.6534149779488,76.4808540352126,1.45224721777592,1,4.64
sp3,33,2,2,8,1,9,76.9146510668284,76.9661753937042,2.4174706882112,0.1,0.567270836614336
sp3,33,2,2,9,1,9,89.0020045078844,88.2929407052913,,1,0.642212427948883
sp3,33,3,,1,5,9,,,,1,
sp3,33,3,,2,5,9,,,,0.1,
sp3,33,3,,3,5,9,,,,1,
sp3,33,3,,4,5,9,,,,1,
sp3,33,3,,5,5,9,0.500499891735057,,0.132571952623316,0.1,
sp3,33,3,,6,5,9,1.16335965485164,1.13969757169211,0.49762043010125,1,0.0976128298600802
sp3,33,3,3,7,5,9,3.65146180535789,3.58143922428576,1.52163156019431,1,0.113039063193219
sp3,33,3,3,8,5,9,11.2596196063294,11.1336115431669,0,0.1,0.160209641559242
sp3,33,3,3,9,5,9,11.2596196063294,11.1420568326722,,1,0.160209641559242
sp3,34,1,,1,1,9,33.6071715359079,33.3846687763331,0.572671542039944,1,0.298764463522629
sp3,34,1,,2,1,9,36.4705292461076,36.6060203698742,0,0.1,0.316517281325867
sp3,34,1,,3,1,9,36.4705292461076,35.9906412313614,0.783835221838592,1,0.316517281325867
sp3,34,1,,4,1,9,40.3897053553006,40.5426561737121,1.41767734357189,1,0.340816173202864
sp3,34,1,,5,1,9,47.47809207316,47.3050341950585,0.896607898046349,0.1,0.384764170853592
sp3,34,1,,6,1,9,51.9611315633918,51.2517512687821,0.700466643816063,1,0.412559015693029
sp3,34,1,1,7,1,9,55.4634647824721,56.0665053245439,2.06725253778522,1,0.434273481651327
sp3,34,1,1,8,1,9,65.7997274713982,65.8690831687277,0,0.1,0.498358310322669
sp3,34,1,1,9,1,9,65.7997274713982,65.7886237321125,,1,0.498358310322669
sp3,34,2,,1,8,9,,,,1,
sp3,34,2,,2,8,9,,,,0.1,
sp3,34,2,,3,8,9,,,,1,
sp3,34,2,,4,8,9,,,,1,
sp3,34,2,,5,8,9,,,,0.1,
sp3,34,2,,6,8,9,,,,1,
sp3,34,2,,7,8,9,,,,1,
sp3,34,2,,8,8,9,0.353239380281751,,0.217528242047138,0.1,
sp3,34,2,2,9,8,9,1.44088059051744,1.3987453986926,,1,0.0993334596612081
sp3,34,3,,1,5,8,,,,1,
sp3,34,3,,2,5,8,,,,0.1,
sp3,34,3,,3,5,8,,,,1,
sp3,34,3,,4,5,8,,,,1,
sp3,34,3,,5,5,8,0.75470775450849,,0.0564899998103578,0.1,
sp3,34,3,,6,5,8,1.03715775356028,1.19529820592884,0.677717032709613,1,0.0968303780720737
sp3,34,3,3,7,5,8,4.42574291710834,4.42253822042565,0.838017720834567,1,0.117839606086072
sp3,34,3,3,8,5,8,8.61583152128118,8.75591863219762,0.871429708545439,0.1,0.143818155431943
sp3,34,3,,9,5,8,,,,1,
sp3,34,4,,1,1,9,22.6547250145956,22.9044690081524,1.83611585738823,1,0.230859295090493
sp3,34,4,,2,1,9,31.8353043015367,31.8020705918416,0,0.1,0.287778886669528
sp3,34,4,,3,1,9,31.8353043015367,31.9913480163947,0.966805488298912,1,0.287778886669528
sp3,34,4,,4,1,9,36.6693317430313,36.923350577816,2.10601386395271,1,0.317749856806794
sp3,34,4,,5,1,9,47.1994010627949,46.9738702831923,0.65554010336426,0.1,0.383036286589328
sp3,34,4,,6,1,9,50.4771015796162,50.6677526040978,1.52418397064409,1,0.40335802979362
sp3,34,4,4,7,1,9,58.0980214328366,58.75833643959,1.61312786459988,1,0.450607732883587
sp3,34,4,4,8,1,9,66.163660755836,65.7438089916031,0,0.1,4.64
sp3,34,4,4,9,1,9,66.163660755836,65.8293661985209,,1,0.500614696686183
sp3,35,1,,1,1,1,20.4438497800702,20.3042206298521,1.70780700282371,1,0.217151868636435
sp3,35,1,,2,1,1,,,,0.1,
sp3,35,1,,3,1,1,,,,1,
sp3,35,1,,4,1,1,,,,1,
sp3,35,1,,5,1,1,,,,0.1,
sp3,35,1,,6,1,1,,,,1,
sp3,35,1,,7,1,1,,,,1,
sp3,35,1,,8,1,1,,,,0.1,
sp3,35,1,,9,1,1,,,,1,
sp3,35,2,,1,1,9,3.55518297349842,3.60319713691988,0.866450731632713,1,0.11244213443569
sp3,35,2,,2,1,9,7.88743663166198,7.95896084667361,0.457878822565428,0.1,0.139302107116304
sp3,35,2,,3,1,9,10.1768307444891,10.1361719259238,1.35669241137021,1,0.153496350615833
sp3,35,2,,4,1,9,16.9602928013402,17.1171977482798,2.08537072758752,1,0.195553815368309
sp3,35,2,,5,1,9,27.3871464392778,27.6956454581382,0.688569210996678,0.1,0.260200307923522
sp3,35,2,,6,1,9,30.8299924942612,30.5503121304535,1.86898436497822,1,0.281545953464419
sp3,35,2,2,7,1,9,40.1749143191523,39.9983180383658,2.41993121245771,1,0.339484468778744
sp3,35,2,2,8,1,9,52.2745703814409,49.5834118943849,0.937003517902101,0.1,4.64
sp3,35,2,2,9,1,9,56.9595879709514,57.1080892722273,,1,0.443549445419898
sp3,35,3,,1,1,9,14.9779087600287,14.7144808045947,2.33759732016434,1,0.183263034312178
sp3,35,3,,2,1,9,26.6658953608504,26.6369132935936,0,0.1,0.255728551237272
sp3,35,3,,3,1,9,26.6658953608504,27.0840500777739,2.55854214634026,1,0.255728551237272
sp3,35,3,,4,1,9,39.4586060925517,39.3631050102534,2.7710869103602,1,0.33504335777382
sp3,35,3,,5,1,9,53.3140406443527,53.3769438153603,0,0.1,0.420947051994987
sp3,35,3,,6,1,9,53.3140406443527,53.1390986993827,0.860681869656746,1,0.420947051994987
sp3,35,3,3,7,1,9,57.6174499926364,57.6205835837318,2.09412481683687,1,0.447628189954346
sp3,35,3,3,8,1,9,68.0880740768208,68.2140145642461,0,0.1,0.512546059276289
sp3,35,3,3,9,1,9,68.0880740768208,72.0348194749693,,1,4.64
sp3,36,1,,1,1,9,17.8140365350623,15.712733716287,0.902342013304987,1,4.64
sp3,36,1,,2,1,9,22.3257466015872,21.9637003108793,0.467002966080403,0.1,0.228819628929841
sp3,36,1,,3,1,9,24.6607614319892,24.7167865606766,1.23706766646511,1,0.243296720878333
sp3,36,1,,4,1,9,30.8460997643148,30.5689215727793,1.45406186600836,1,0.281645818538752
sp3,36,1,,5,1,9,38.1164090943566,38.2406767624927,0,0.1,0.326721736385011
sp3,36,1,,6,1,9,38.1164090943566,38.2059032107308,2.13683708932241,1,0.326721736385011
sp3,36,1,1,7,1,9,48.8005945409687,48.6109099801154,0.954234644946918,1,0.392963686154006
sp3,36,1,1,8,1,9,53.5717677657033,53.2241685884178,0,0.1,0.42254496014736
sp3,36,1,1,9,1,9,53.5717677657033,52.7933463881768,,1,0.42254496014736
sp3,36,2,,1,2,3,,,,1,
sp3,36,2,,2,2,3,0.336388086916277,,0,0.1,
sp3,36,2,,3,2,3,0.336388086916277,,0.188119121041805,1,
sp3,36,2,,4,2,3,,,,1,
sp3,36,2,,5,2,3,,,,0.1,
sp3,36,2,,6,2,3,,,,1,
sp3,36,2,,7,2,3,,,,1,
sp3,36,2,,8,2,3,,,,0.1,
sp3,36,2,,9,2,3,,,,1,
sp3,36,3,,1,5,9,,,,1,
sp3,36,3,,2,5,9,,,,0.1,
sp3,36,3,,3,5,9,,,,1,
sp3,36,3,,4,5,9,,,,1,
sp3,36,3,,5,5,9,0.710573642102956,,0.251176805999202,0.1,
sp3,36,3,,6,5,9,1.96645767209896,1.88677717700441,0.968411129280152,1,0.102592037567014
sp3,36,3,3,7,5,9,6.80851331849972,6.65066022638652,1.66401544985342,1,0.132612782574698
sp3,36,3,3,8,5,9,15.1285905677668,14.9841581892213,0.109063472136956,0.1,0.184197261520154
sp3,36,3,3,9,5,9,15.6739079284516,15.6364809026373,,1,0.1875782291564
sp3,37,1,,1,1,2,65.3470844936215,64.9262268667267,2.87156908679014,1,0.495551923860453
sp3,37,1,,2,1,2,79.7049299275722,79.3274155619499,1.61260734515628,0.1,0.584570565550948
sp3,37,1,,3,1,2,,,,1,
sp3,37,1,,4,1,2,,,,1,
sp3,37,1,,5,1,2,,,,0.1,
sp3,37,1,,6,1,2,,,,1,
sp3,37,1,,7,1,2,,,,1,
sp3,37,1,,8,1,2,,,,0.1,
sp3,37,1,,9,1,2,,,,1,
sp3,37,2,,1,3,9,,,,1,
sp3,37,2,,2,3,9,,,,0.1,
sp3,37,2,,3,3,9,0.796338696491299,,0.595009274247672,1,
sp3,37,2,,4,3,9,3.77138506772966,3.53804709452022,1.07577185107202,1,0.113782587419924
sp3,37,2,,5,3,9,9.15024432308977,9.2643328269094,0,0.1,0.147131514803157
sp3,37,2,,6,3,9,9.15024432308977,9.09100613562344,1.46768818141885,1,0.147131514803157
sp3,37,2,2,7,3,9,16.488685230184,16.7767651432825,2.86869088460363,1,0.192629848427141
sp3,37,2,2,8,3,9,30.8321396532022,30.5867127126619,0,0.1,0.281559265849853
sp3,37,2,2,9,3,9,30.8321396532022,30.5721372728832,,1,0.281559265849853
sp3,37,3,,1,4,7,,,,1,
sp3,37,3,,2,4,7,,,,0.1,
sp3,37,3,,3,4,7,,,,1,
sp3,37,3,,4,4,7,0.385732988381404,,0.532395856623438,1,
sp3,37,3,,5,4,7,3.04771227149859,3.01645949763323,0.00618380138897394,0.1,0.109295816083291
sp3,37,3,,6,4,7,3.07863127844346,2.84911324909831,0.94481058721815,1,0.109487513926349
sp3,37,3,3,7,4,7,7.80268421453421,7.810298319495,1.45930204853266,1,0.138776642130112
sp3,37,3,,8,4,7,,,,0.1,
sp3,37,3,,9,4,7,,,,1,
sp3,37,4,,1,1,9,5.46086685936782,5.56410659504027,0.785735515888172,1,0.12425737452808
sp3,37,4,,2,1,9,9.38954443880868,9.18329592783101,0.336438707122446,0.1,0.148615175520614
sp3,37,4,,3,1,9,11.0717379744209,11.2343565337386,1.95435170932032,1,0.15904477544141
sp3,37,4,,4,1,9,20.8434965210225,17.1759761995332,1.75661174415027,1,4.64
sp3,37,4,,5,1,9,29.6265552417739,29.4133495735185,1.65054347539271,0.1,0.274084642498998
sp3,37,4,,6,1,9,37.8792726187375,38.2015112796062,1.96445066214664,1,0.325251490236172
sp3,37,4,4,7,1,9,47.7015259294706,47.3473650319917,1.69669601564753,1,0.386149460762718
sp3,37,4,4,8,1,9,56.1850060077083,56.4034056484745,0,0.1,0.438747037247791
sp3,37,4,4,9,1,9,56.1850060077083,55.7644894476499,,1,0.438747037247791
sp3,37,5,,1,1,9,14.0829337716107,13.8722824610527,1.3396118431792,1,0.177714189383986
sp3,37,5,,2,1,9,20.7809929875067,15.0126817945459,0,0.1,4.64
sp3,37,5,,3,1,9,20.7809929875067,20.9615427043542,1.50567494768552,1,0.219242156522541
sp3,37,5,,4,1,9,28.3093677259343,28.2897510832708,2.90657326141077,1,0.265918079900793
sp3,37,5,,5,1,9,42.8422340329882,42.6305171377365,0.543492163643364,0.1,0.356021851004527
sp3,37,5,,6,1,9,45.559694851205,44.8952908645602,0.500400507126492,1,0.372870108077471
sp3,37,5,5,7,1,9,48.0616973868374,48.257798647858,1.81181551642028,1,0.388382523798392
sp3,37,5,5,8,1,9,57.1207749689388,61.0171872874551,0,0.1,4.64
sp3,37,5,5,9,1,9,57.1207749689388,57.5140853256397,,1,0.444548804807421
sp3,37,6,,1,2,9,,,,1,
sp3,37,6,,2,2,9,0.578137443532552,,0.11474310372007,0.1,
sp3,37,6,,3,2,9,1.1518529621329,1.13417414445836,0.491211354282548,1,0.097541488365224
sp3,37,6,,4,2,9,3.60790973354564,3.82412290713809,0.832506357038301,1,0.112769040347983
sp3,37,6,,5,2,9,7.77044151873715,7.52504703505364,0,0.1,0.13857673741617
sp3,37,6,,6,2,9,7.77044151873715,7.7004623878347,0.809635195998021,1,0.13857673741617
sp3,37,6,6,7,2,9,11.8186174987273,11.6690007257277,2.22960539249394,1,0.163675428492109
sp3,37,6,6,8,2,9,22.966644461197,23.0718909241372,0.158282603954009,0.1,0.232793195659421
sp3,37,6,6,9,2,9,23.758057480967,24.0493665513214,,1,0.237699956381995
sp3,38,1,,1,1,9,23.044351682345,22.8952256088531,1.90351260367739,1,0.233274980430539
sp3,38,1,,2,1,9,32.561914700732,32.9923060266577,1.27888115210964,0.1,0.292283871144538
sp3,38,1,,3,1,9,38.9563204612802,33.4835522676662,0.972776382574915,1,4.64
sp3,38,1,,4,1,9,43.8202023741547,43.4392665701703,3.05966297151288,1,0.362085254719759
sp3,38,1,,5,1,9,59.1185172317191,58.765176194547,0.608284202481624,0.1,0.456934806836659
sp3,38,1,,6,1,9,62.1599382441273,62.6149038203044,2.77380942864233,1,0.475791617113589
sp3,38,1,1,7,1,9,76.0289853873389,75.6960595502856,0,1,0.561779709401501
sp3,38,1,1,8,1,9,76.0289853873389,76.4870622720911,0.493119794275879,0.1,0.561779709401501
sp3,38,1,1,9,1,9,78.4945843587183,77.5962912921303,,1,0.577066423024053
sp3,38,2,,1,4,9,,,,1,
sp3,38,2,,2,4,9,,,,0.1,
sp3,38,2,,3,4,9,,,,1,
sp3,38,2,,4,4,9,0.754464481327007,,0.39615543883451,1,
sp3,38,2,,5,4,9,2.73524167549956,2.73578778096503,0.0560098940656268,0.1,0.107358498388097
sp3,38,2,,6,4,9,3.01529114582769,2.85318042610441,0.890377287419289,1,0.109094805104132
sp3,38,2,2,7,4,9,7.46717758292414,7.4958984821322,1.04682988407802,1,0.13669650101413
sp3,38,2,2,8,4,9,12.7013270033142,12.6635166725306,0.736577846479272,0.1,0.169148227420548
sp3,38,2,2,9,4,9,16.3842162357106,16.1259489037922,,1,0.191982140661406
sp3,38,3,,1,1,4,3.95510175992718,3.81960458176841,0.491975075671991,1,0.114921630911549
sp3,38,3,,2,1,4,6.41497713828714,6.30619907730616,0.658428307570326,0.1,0.13017285825738
sp3,38,3,,3,1,4,9.70711867613876,9.48798870945513,1.61738295309,1,0.15058413579206
sp3,38,3,,4,1,4,17.7940334415888,17.5558881019877,1.75369509161265,1,0.20072300733785
sp3,38,3,,5,1,4,,,,0.1,
sp3,38,3,,6,1,4,,,,1,
sp3,38,3,,7,1,4,,,,1,
sp3,38,3,,8,1,4,,,,0.1,
sp3,38,3,,9,1,4,,,,1,
